experiment,calibrator,position,oracle_specificity,raw_locked_specificity,calibrated_specificity,threshold_recovery,remaining_oracle_gap,recovery_ratio,sensitivity,spec_ci_low,spec_ci_high,sens_ci_low,sens_ci_high,brier_ci_low,brier_ci_high
resnet18,raw,post_ensemble,0.7733333333333333,0.7022222222222222,0.7022222222222222,0.0,0.07111111111111112,0.0,0.9950738916256158,0.0,0.0,0.0,0.0,0.0,0.0
resnet18,raw,pre_ensemble,0.7733333333333333,0.7022222222222222,0.7022222222222222,0.0,0.07111111111111112,0.0,0.9950738916256158,0.0,0.0,0.0,0.0,0.0,0.0
resnet18,temperature,post_ensemble,0.7733333333333333,0.7022222222222222,0.7022222222222222,0.0,0.07111111111111112,0.0,0.9950738916256158,0.0,0.0,0.0,0.0,-0.006860206993353345,-0.003695352854192753
resnet18,temperature,pre_ensemble,0.7733333333333333,0.7022222222222222,0.7022222222222222,0.0,0.07111111111111112,0.0,0.9950738916256158,0.0,0.0,0.0,0.0,-0.005119367454797235,-0.0030351481176141087
resnet18,intercept,post_ensemble,0.7733333333333333,0.7022222222222222,0.7022222222222222,0.0,0.07111111111111112,0.0,0.9950738916256158,0.0,0.0,0.0,0.0,0.03302042298441044,0.048631572519666134
resnet18,intercept,pre_ensemble,0.7733333333333333,0.7022222222222222,0.7022222222222222,0.0,0.07111111111111112,0.0,0.9950738916256158,0.0,0.0,0.0,0.0,0.023409564668753678,0.034705432771670645
resnet18,platt,post_ensemble,0.7733333333333333,0.7022222222222222,0.7022222222222222,0.0,0.07111111111111112,0.0,0.9950738916256158,0.0,0.0,0.0,0.0,0.02793965233685403,0.041025756790961126
resnet18,platt,pre_ensemble,0.7733333333333333,0.7022222222222222,0.6977777777777778,-0.004444444444444362,0.07555555555555549,-0.06249999999999883,0.9950738916256158,-0.01333333333333342,0.0,0.0,0.0,0.02047847958686077,0.030725657946483086
resnet18,beta,post_ensemble,0.7733333333333333,0.7022222222222222,0.7022222222222222,0.0,0.07111111111111112,0.0,0.9950738916256158,0.0,0.0,0.0,0.0,0.028174774955152228,0.04145105486480815
resnet18,beta,pre_ensemble,0.7733333333333333,0.7022222222222222,0.6844444444444444,-0.01777777777777778,0.0888888888888889,-0.25,0.9950738916256158,-0.03555555555555556,-0.004444444444444362,0.0,0.0,0.019979543676109723,0.03028734262253239
resnet18,isotonic,post_ensemble,0.7733333333333333,0.7022222222222222,0.6311111111111111,-0.07111111111111112,0.14222222222222225,-1.0,0.9950738916256158,-0.10666666666666669,-0.03555555555555556,0.0,0.0,0.02686786509583779,0.04247202693189459
resnet18,isotonic,pre_ensemble,0.7733333333333333,0.7022222222222222,0.68,-0.022222222222222143,0.09333333333333327,-0.31249999999999883,0.9901477832512315,-0.0444444444444444,-0.004444444444444473,-0.014778325123152691,0.0,0.021584710061221198,0.033513712947385914
stretch_nhe,raw,post_ensemble,0.8533333333333334,0.7644444444444445,0.7644444444444445,0.0,0.0888888888888889,0.0,0.9901477832512315,0.0,0.0,0.0,0.0,0.0,0.0
stretch_nhe,raw,pre_ensemble,0.8533333333333334,0.7644444444444445,0.7644444444444445,0.0,0.0888888888888889,0.0,0.9901477832512315,0.0,0.0,0.0,0.0,0.0,0.0
stretch_nhe,temperature,post_ensemble,0.8533333333333334,0.7644444444444445,0.7644444444444445,0.0,0.0888888888888889,0.0,0.9901477832512315,0.0,0.0,0.0,0.0,-0.006274080389487935,-0.0029280319952185965
stretch_nhe,temperature,pre_ensemble,0.8533333333333334,0.7644444444444445,0.76,-0.004444444444444473,0.09333333333333338,-0.050000000000000315,0.9950738916256158,-0.01333333333333342,0.0,0.0,0.014778325123152691,-0.003526214355308254,-0.0013922871579137006
stretch_nhe,intercept,post_ensemble,0.8533333333333334,0.7644444444444445,0.76,-0.004444444444444473,0.09333333333333338,-0.050000000000000315,0.9901477832512315,-0.01333333333333342,0.0,0.0,0.0,0.04202585213495361,0.05892957997590049
stretch_nhe,intercept,pre_ensemble,0.8533333333333334,0.7644444444444445,0.7733333333333333,0.008888888888888835,0.08000000000000007,0.09999999999999938,0.9852216748768473,0.0,0.022222222222222254,-0.014778325123152691,0.0,0.030109913490406415,0.04230618023523097
stretch_nhe,platt,post_ensemble,0.8533333333333334,0.7644444444444445,0.7644444444444445,0.0,0.0888888888888889,0.0,0.9901477832512315,0.0,0.0,0.0,0.0,0.0375765043258494,0.052610903630711574
stretch_nhe,platt,pre_ensemble,0.8533333333333334,0.7644444444444445,0.76,-0.004444444444444473,0.09333333333333338,-0.050000000000000315,0.9901477832512315,-0.01333333333333342,0.0,0.0,0.0,0.02816454202564493,0.039220301734211115
stretch_nhe,beta,post_ensemble,0.8533333333333334,0.7644444444444445,0.76,-0.004444444444444473,0.09333333333333338,-0.050000000000000315,0.9901477832512315,-0.01333333333333342,0.0,0.0,0.0,0.0311520763685698,0.04240757246705712
stretch_nhe,beta,pre_ensemble,0.8533333333333334,0.7644444444444445,0.7644444444444445,0.0,0.0888888888888889,0.0,0.9901477832512315,-0.013333333333333308,0.013333333333333308,0.0,0.0,0.02531089575726841,0.03525760057585773
stretch_nhe,isotonic,post_ensemble,0.8533333333333334,0.7644444444444445,0.7377777777777778,-0.026666666666666727,0.11555555555555563,-0.3000000000000006,0.9950738916256158,-0.04888888888888887,-0.008888888888888835,0.0,0.014778325123152691,0.029147730880253152,0.040577947041703984
stretch_nhe,isotonic,pre_ensemble,0.8533333333333334,0.7644444444444445,0.7333333333333333,-0.0311111111111112,0.1200000000000001,-0.3500000000000009,0.9950738916256158,-0.057777777777777706,-0.008888888888888946,0.0,0.014778325123152691,0.02732278974474835,0.038621241441647185
augment_manh,raw,post_ensemble,0.7733333333333333,0.6755555555555556,0.6755555555555556,0.0,0.09777777777777774,0.0,0.9950738916256158,0.0,0.0,0.0,0.0,0.0,0.0
augment_manh,raw,pre_ensemble,0.7733333333333333,0.6755555555555556,0.6755555555555556,0.0,0.09777777777777774,0.0,0.9950738916256158,0.0,0.0,0.0,0.0,0.0,0.0
augment_manh,temperature,post_ensemble,0.7733333333333333,0.6755555555555556,0.6755555555555556,0.0,0.09777777777777774,0.0,0.9950738916256158,0.0,0.0,0.0,0.0,0.0005038885410403177,0.001135547804906837
augment_manh,temperature,pre_ensemble,0.7733333333333333,0.6755555555555556,0.68,0.004444444444444473,0.09333333333333327,0.04545454545454576,0.9950738916256158,0.0,0.01333333333333342,0.0,0.0,0.0008019018900781785,0.001920520361682003
augment_manh,intercept,post_ensemble,0.7733333333333333,0.6755555555555556,0.6622222222222223,-0.013333333333333308,0.11111111111111105,-0.13636363636363616,0.9950738916256158,-0.03111111111111109,0.0,0.0,0.0,0.025940903517450514,0.03499971387782399
augment_manh,intercept,pre_ensemble,0.7733333333333333,0.6755555555555556,0.6755555555555556,0.0,0.09777777777777774,0.0,0.9950738916256158,-0.013333333333333308,0.013333333333333308,0.0,0.0,0.019343972514327207,0.027036437157076494
augment_manh,platt,post_ensemble,0.7733333333333333,0.6755555555555556,0.6622222222222223,-0.013333333333333308,0.11111111111111105,-0.13636363636363616,0.9950738916256158,-0.03111111111111109,0.0,0.0,0.0,0.027976282796561853,0.03805615052742384
augment_manh,platt,pre_ensemble,0.7733333333333333,0.6755555555555556,0.6711111111111111,-0.004444444444444473,0.10222222222222221,-0.04545454545454576,0.9950738916256158,-0.022222222222222143,0.008888888888888946,0.0,0.0,0.022439305331695227,0.031183729513445627
augment_manh,beta,post_ensemble,0.7733333333333333,0.6755555555555556,0.6622222222222223,-0.013333333333333308,0.11111111111111105,-0.13636363636363616,0.9950738916256158,-0.03111111111111109,0.0,0.0,0.0,0.02683796064702364,0.036298933981185916
augment_manh,beta,pre_ensemble,0.7733333333333333,0.6755555555555556,0.6666666666666666,-0.008888888888888946,0.10666666666666669,-0.09090909090909152,0.9950738916256158,-0.026666666666666727,0.008888888888888835,0.0,0.0,0.021206818608626537,0.02968635625146952
augment_manh,isotonic,post_ensemble,0.7733333333333333,0.6755555555555556,0.6755555555555556,0.0,0.09777777777777774,0.0,0.9950738916256158,0.0,0.0,0.0,0.0,0.027081707016040634,0.03772975202428856
augment_manh,isotonic,pre_ensemble,0.7733333333333333,0.6755555555555556,0.6666666666666666,-0.008888888888888946,0.10666666666666669,-0.09090909090909152,0.9950738916256158,-0.026666666666666727,0.008888888888888835,0.0,0.0,0.021482118002681534,0.030096234089478927
stretch_manh,raw,post_ensemble,0.8933333333333333,0.7688888888888888,0.7688888888888888,0.0,0.12444444444444447,0.0,0.9950738916256158,0.0,0.0,0.0,0.0,0.0,0.0
stretch_manh,raw,pre_ensemble,0.8933333333333333,0.7688888888888888,0.7688888888888888,0.0,0.12444444444444447,0.0,0.9950738916256158,0.0,0.0,0.0,0.0,0.0,0.0
stretch_manh,temperature,post_ensemble,0.8933333333333333,0.7688888888888888,0.7688888888888888,0.0,0.12444444444444447,0.0,0.9950738916256158,0.0,0.0,0.0,0.0,-0.0019224323987460708,0.0005084149825133404
stretch_manh,temperature,pre_ensemble,0.8933333333333333,0.7688888888888888,0.7688888888888888,0.0,0.12444444444444447,0.0,0.9950738916256158,-0.013333333333333308,0.013333333333333308,0.0,0.0,-0.0007780778723405549,0.0007417244801355366
stretch_manh,intercept,post_ensemble,0.8933333333333333,0.7688888888888888,0.7466666666666667,-0.022222222222222143,0.1466666666666666,-0.1785714285714279,0.9950738916256158,-0.0444444444444444,-0.004444444444444473,0.0,0.0,0.06615033578344502,0.08964081464779006
stretch_manh,intercept,pre_ensemble,0.8933333333333333,0.7688888888888888,0.8088888888888889,0.040000000000000036,0.08444444444444443,0.3214285714285717,0.9950738916256158,0.01777777777777778,0.06666666666666665,0.0,0.0,0.044618796981740816,0.06194464474294437
stretch_manh,platt,post_ensemble,0.8933333333333333,0.7688888888888888,0.7422222222222222,-0.026666666666666616,0.15111111111111108,-0.21428571428571383,0.9950738916256158,-0.04888888888888898,-0.008888888888888835,0.0,0.0,0.06543436515628347,0.0884789733345177
stretch_manh,platt,pre_ensemble,0.8933333333333333,0.7688888888888888,0.8044444444444444,0.03555555555555556,0.0888888888888889,0.2857142857142857,0.9950738916256158,0.013333333333333308,0.06222222222222218,0.0,0.0,0.04555264019083529,0.0630085960590721
stretch_manh,beta,post_ensemble,0.8933333333333333,0.7688888888888888,0.7466666666666667,-0.022222222222222143,0.1466666666666666,-0.1785714285714279,0.9950738916256158,-0.0444444444444444,-0.004444444444444473,0.0,0.0,0.06680552573240531,0.09032672465991169
stretch_manh,beta,pre_ensemble,0.8933333333333333,0.7688888888888888,0.8088888888888889,0.040000000000000036,0.08444444444444443,0.3214285714285717,0.9950738916256158,0.01777777777777778,0.06666666666666665,0.0,0.0,0.04543296939324313,0.06279065571315712
stretch_manh,isotonic,post_ensemble,0.8933333333333333,0.7688888888888888,0.6177777777777778,-0.15111111111111108,0.27555555555555555,-1.2142857142857137,0.9950738916256158,-0.20000000000000007,-0.10666666666666669,0.0,0.0,0.07188743885862993,0.09527452428004042
stretch_manh,isotonic,pre_ensemble,0.8933333333333333,0.7688888888888888,0.76,-0.008888888888888835,0.1333333333333333,-0.07142857142857098,0.9950738916256158,-0.03555555555555556,0.01777777777777778,0.0,0.0,0.04687055930215539,0.06547316616503565
