experiment,calibrator,split,position,threshold,auc,pr_auc,brier,log_loss,ece_fixed,ece_adaptive,calibration_slope,calibration_intercept,sensitivity,specificity,tn,fp,fn,tp
resnet18,raw,oof_cross_fitted,n/a,0.8857100605964661,0.9993698414558605,0.9996884827381082,0.009475009389575722,0.03414718801027402,0.0072267733639715765,0.006710284696326346,0.8303107591547804,0.8558715188198707,0.970204081632653,0.9967186218211649,1215,4,73,2377
resnet18,raw,known_benchmark,post_ensemble,0.8857100605964661,0.9488669950738916,0.9276675918863335,0.2028442865916296,1.1079241589570294,0.23499812536809067,0.23500029981268775,0.5007628884205814,-3.034046257575185,0.9950738916256158,0.7022222222222222,158,67,1,202
resnet18,raw,known_benchmark,pre_ensemble,0.8857100605964661,0.9488669950738916,0.9276675918863335,0.2028442865916296,1.1079241589570294,0.23499812536809067,0.23500029981268775,0.5007628884205814,-3.034046257575185,0.9950738916256158,0.7022222222222222,158,67,1,202
resnet18,temperature,oof_cross_fitted,n/a,0.8499603314533224,0.9993648189382397,0.9996857741060802,0.00928725962590302,0.03280345645410115,0.007185805972871182,0.007135493266752877,0.9985535329152413,0.851777580966735,0.970204081632653,0.9967186218211649,1215,4,73,2377
resnet18,temperature,known_benchmark,post_ensemble,0.8499603314533224,0.9488669950738916,0.9276675918863335,0.19756527638764282,0.9396480268971092,0.23488826879965846,0.23490272437074283,0.6050411444262124,-3.0340248592151,0.9950738916256158,0.7022222222222222,158,67,1,202
resnet18,temperature,known_benchmark,pre_ensemble,0.8499603314533224,0.9501258894362343,0.9316901290108317,0.19878342252656742,0.9705753890413984,0.23464023992581023,0.23464023992581026,0.6036339043393637,-3.16321770849296,0.9950738916256158,0.7022222222222222,158,67,1,202
resnet18,intercept,oof_cross_fitted,n/a,0.9574964307346171,0.9993427198607088,0.9996750004348143,0.008730435929585481,0.03127185608359959,0.005650595097991285,0.002885782009512493,0.8282689090935758,-0.05649264993813153,0.970204081632653,0.9967186218211649,1215,4,73,2377
resnet18,intercept,known_benchmark,post_ensemble,0.9574964307346171,0.9488669950738916,0.9276675918863335,0.2433886449513276,1.3953013815252313,0.2765655700735238,0.2765662774524539,0.5016434469710153,-3.60164619931586,0.9950738916256158,0.7022222222222222,158,67,1,202
resnet18,intercept,known_benchmark,pre_ensemble,0.9574964307346171,0.9501696770662288,0.931941193470092,0.23175430359736043,1.3909759012547804,0.2652066517645999,0.26520688526922326,0.4858112631766702,-3.5774635200115417,0.9950738916256158,0.7022222222222222,158,67,1,202
resnet18,platt,oof_cross_fitted,n/a,0.9372165824233629,0.9993313354874354,0.9996687670782987,0.00866224530052881,0.03061974572829396,0.003007101980890851,0.0012922452744277124,0.9648362480336199,-0.047185509063361664,0.970204081632653,0.9967186218211649,1215,4,73,2377
resnet18,platt,known_benchmark,post_ensemble,0.9372165824233629,0.9488669950738916,0.9276675918863335,0.23725612407277125,1.2082506231105696,0.2754823802409962,0.2754865579027407,0.5864463337919666,-3.592870857157674,0.9950738916256158,0.7022222222222222,158,67,1,202
resnet18,platt,known_benchmark,pre_ensemble,0.9372165824233629,0.9510454296661193,0.93517171259157,0.22832702300005914,1.2150874095974629,0.26453960505902374,0.2645431647977947,0.5880452568486156,-3.7294649430018434,0.9950738916256158,0.6977777777777778,157,68,1,202
resnet18,beta,oof_cross_fitted,n/a,0.9377296128832183,0.9993310006529272,0.9996685725472221,0.008680803009522252,0.0306542026066828,0.0032047279392674066,0.001321361008218905,0.9629777881256119,-0.04735692774084357,0.970204081632653,0.9967186218211649,1215,4,73,2377
resnet18,beta,known_benchmark,post_ensemble,0.9377296128832183,0.9488669950738916,0.9276675918863335,0.23759327801281666,1.2020450554486937,0.27571582829460295,0.275720459232644,0.5938020811857643,-3.609812913499214,0.9950738916256158,0.7022222222222222,158,67,1,202
resnet18,beta,known_benchmark,pre_ensemble,0.9377296128832183,0.9490311986863711,0.9293176906111589,0.22780744704854833,1.23001780042897,0.26366191541710987,0.26366348884761676,0.5788392391365846,-3.699690220714999,0.9950738916256158,0.6844444444444444,154,71,1,202
resnet18,isotonic,oof_cross_fitted,n/a,0.9375,0.9987140680718554,0.9991033330449461,0.008696300621758338,0.036819866834961246,0.005296844408836992,0.002016012737714029,0.7462262102337756,-0.020204657918186465,0.9710204081632653,0.9958982772764561,1214,5,71,2379
resnet18,isotonic,known_benchmark,post_ensemble,0.9375,0.9151395730706074,0.8455803933919721,0.23713313712967915,1.8021223863330902,0.275075018357016,0.2750750576093523,0.2929440083087797,-2.89886081079175,0.9950738916256158,0.6311111111111111,142,83,1,202
resnet18,isotonic,known_benchmark,pre_ensemble,0.9375,0.9065353037766831,0.8341892734571927,0.23028522723082132,1.9406943351033858,0.2658263275798841,0.2658705473166805,0.27023977800405463,-2.6537158761586355,0.9901477832512315,0.68,153,72,2,201
stretch_nhe,raw,oof_cross_fitted,n/a,0.8309692740440369,0.9991063266980295,0.9995780148643355,0.010559137892240718,0.040250127943625424,0.010020663038371947,0.008556100319356818,0.8471543498183254,0.9442042519900693,0.970204081632653,0.9975389663658737,1216,3,73,2377
stretch_nhe,raw,known_benchmark,post_ensemble,0.8309692740440369,0.9669184455391353,0.9470995699313709,0.1489190337515574,0.6565665807372018,0.18356098408790777,0.18487368846572794,0.6317426372536592,-2.7460556503165456,0.9901477832512315,0.7644444444444445,172,53,2,201
stretch_nhe,raw,known_benchmark,pre_ensemble,0.8309692740440369,0.9669184455391353,0.9470995699313709,0.1489190337515574,0.6565665807372018,0.18356098408790777,0.18487368846572794,0.6317426372536592,-2.7460556503165456,0.9901477832512315,0.7644444444444445,172,53,2,201
stretch_nhe,temperature,oof_cross_fitted,n/a,0.7978533162454166,0.999073178081733,0.9995643910416917,0.010438696325058894,0.039385822772981346,0.010906073358305221,0.009253684596099408,1.0048031890626727,0.9319921403235767,0.970204081632653,0.9967186218211649,1215,4,73,2377
stretch_nhe,temperature,known_benchmark,post_ensemble,0.7978533162454166,0.9669184455391353,0.9470995699313709,0.1443444301853664,0.5764546748083926,0.18383615416292165,0.1839281596359015,0.7518833368161464,-2.746010571149259,0.9901477832512315,0.7644444444444445,172,53,2,201
stretch_nhe,temperature,known_benchmark,pre_ensemble,0.7978533162454166,0.9675314723590586,0.9502467812191375,0.14648335226853518,0.5983226324797405,0.18420235901288565,0.18425078455990662,0.7268600498745146,-2.8144393010515563,0.9950738916256158,0.76,171,54,1,202
stretch_nhe,intercept,oof_cross_fitted,n/a,0.938800277020184,0.999087575965579,0.9995687925324529,0.010210827718235931,0.03589219621905599,0.005670028923380748,0.003834358147576193,0.8469430126293835,-0.0629515744485852,0.970204081632653,0.9967186218211649,1215,4,73,2377
stretch_nhe,intercept,known_benchmark,post_ensemble,0.938800277020184,0.9669184455391353,0.9470995699313709,0.19930904315707856,0.9136584084015512,0.2376432493497239,0.23764931337044262,0.6317629019125289,-3.517442444838805,0.9901477832512315,0.76,171,54,2,201
stretch_nhe,intercept,known_benchmark,pre_ensemble,0.938800277020184,0.9658894362342638,0.9458201183882087,0.18505907255839812,0.882826091430332,0.22406584580508443,0.22319870898062696,0.6085047950436286,-3.3793753770667676,0.9852216748768473,0.7733333333333333,174,51,3,200
stretch_nhe,platt,oof_cross_fitted,n/a,0.9180183922204868,0.999057440859855,0.9995563607564287,0.010087146689335072,0.03552797010076857,0.006747435556784458,0.001992801202032702,0.9839994706337466,-0.07489398872255845,0.970204081632653,0.9967186218211649,1215,4,73,2377
stretch_nhe,platt,known_benchmark,post_ensemble,0.9180183922204868,0.9669184455391353,0.9470995699313709,0.19388808587624579,0.8086794308614683,0.2381860693608319,0.23753384047657555,0.7351465044283638,-3.5238249336487044,0.9901477832512315,0.7644444444444445,172,53,2,201
stretch_nhe,platt,known_benchmark,pre_ensemble,0.9180183922204868,0.966152162014231,0.9511533700509771,0.18247148444991595,0.8144288017176968,0.22355858901959696,0.22356041499797616,0.6758695016220126,-3.4148674594833572,0.9901477832512315,0.76,171,54,2,201
stretch_nhe,beta,oof_cross_fitted,n/a,0.9214795581443093,0.9990323282717517,0.9995451447501889,0.009984004015401506,0.034718245123717066,0.004845422831962336,0.0018634271017421533,0.9798443900420772,-0.07985570312710474,0.970204081632653,0.9967186218211649,1215,4,73,2377
stretch_nhe,beta,known_benchmark,post_ensemble,0.9214795581443093,0.9669184455391353,0.9470995699313709,0.18561653806992612,0.949149463750293,0.2298936643535991,0.22989427026646037,0.5062821316538715,-3.1889277009857167,0.9901477832512315,0.76,171,54,2,201
stretch_nhe,beta,known_benchmark,pre_ensemble,0.9214795581443093,0.9656267104542966,0.945389520785558,0.17908669781828584,0.8848808804538467,0.21968210515884018,0.21968302843813373,0.567713852414395,-3.2445436764177877,0.9901477832512315,0.7644444444444445,172,53,2,201
stretch_nhe,isotonic,oof_cross_fitted,n/a,0.8648648648648649,0.9983485962063251,0.9989676706735562,0.010343083969075073,0.04211271469282372,0.00826799101769268,0.0021686292205254356,0.7291096057490374,-0.255436228494738,0.9722448979591837,0.9934372436423298,1211,8,68,2382
stretch_nhe,isotonic,known_benchmark,post_ensemble,0.8648648648648649,0.9023973727422003,0.8246051291938223,0.1836220386480167,1.8261133832820904,0.23197329959612983,0.2319733654839802,0.3373229003954814,-3.874341748701055,0.9950738916256158,0.7377777777777778,166,59,1,202
stretch_nhe,isotonic,known_benchmark,pre_ensemble,0.8648648648648649,0.9320087575259989,0.8748252563824314,0.18183128382403504,1.4549314471612516,0.22244906524027536,0.22244906524027525,0.31244556522542877,-3.0603380064410404,0.9950738916256158,0.7333333333333333,165,60,1,202
augment_manh,raw,oof_cross_fitted,n/a,0.7969589332739512,0.9990333327752758,0.9995297458384371,0.011218543843076141,0.039129283965774614,0.008230331691250795,0.006433085750311159,1.0597353567832362,0.600965470888442,0.970204081632653,0.9967186218211649,1215,4,73,2377
augment_manh,raw,known_benchmark,post_ensemble,0.7969589332739512,0.9560591133004926,0.9461273007571409,0.19412223325689007,0.8951229035682605,0.2355715968690837,0.23557474955689753,0.6638158128269789,-3.303105336833514,0.9950738916256158,0.6755555555555556,152,73,1,202
augment_manh,raw,known_benchmark,pre_ensemble,0.7969589332739512,0.9560591133004926,0.9461273007571409,0.19412223325689007,0.8951229035682605,0.2355715968690837,0.23557474955689753,0.6638158128269789,-3.303105336833514,0.9950738916256158,0.6755555555555556,152,73,1,202
augment_manh,temperature,oof_cross_fitted,n/a,0.8033391104367678,0.9989904739582463,0.9995097792709605,0.011324701505175788,0.03977843343315758,0.007995633143166139,0.006321137893275986,1.0309133001017559,0.5852662744190474,0.970204081632653,0.9950779327317474,1213,6,73,2377
augment_manh,temperature,known_benchmark,post_ensemble,0.8033391104367678,0.9560591133004926,0.9461273007571409,0.1949280966705621,0.9196126766609175,0.2353216690890061,0.23532384752188604,0.6425057275740587,-3.3031607835114407,0.9950738916256158,0.6755555555555556,152,73,1,202
augment_manh,temperature,known_benchmark,pre_ensemble,0.8033391104367678,0.9540010946907499,0.9436359392072258,0.1954585292969237,0.9228087305194046,0.2356295399770008,0.23563200647534543,0.6364225788984058,-3.2406399663332532,0.9950738916256158,0.68,153,72,1,202
augment_manh,intercept,oof_cross_fitted,n/a,0.8717408651350269,0.9989680400462071,0.9994984115111534,0.01122977130900356,0.038625821184167825,0.006454449160010442,0.0020508485986492175,1.047054079001565,-0.13025153136388085,0.970204081632653,0.9958982772764561,1214,5,73,2377
augment_manh,intercept,known_benchmark,post_ensemble,0.8717408651350269,0.9560591133004926,0.9461273007571409,0.2243726619277468,1.065107087396619,0.26961197331452474,0.26961358137113717,0.6638200681471356,-3.750034680264106,0.9950738916256158,0.6622222222222223,149,76,1,202
augment_manh,intercept,known_benchmark,pre_ensemble,0.8717408651350269,0.9563218390804599,0.9465247249626166,0.21719471746204635,1.0233027698556596,0.2610524086268879,0.26105439510129436,0.6688657008733435,-3.684471917386289,0.9950738916256158,0.6755555555555556,152,73,1,202
augment_manh,platt,oof_cross_fitted,n/a,0.8846075135312879,0.9989151361939362,0.9994741836415155,0.011357644329657583,0.039285213324771966,0.006344348705078974,0.0020206148468050393,0.9800842243321035,-0.14972123215336647,0.970204081632653,0.9950779327317474,1213,6,73,2377
augment_manh,platt,known_benchmark,post_ensemble,0.8846075135312879,0.9560591133004926,0.9461273007571409,0.2269150939680111,1.1356927056332193,0.2697811065073854,0.2697817574129601,0.6168755897182076,-3.753590806566023,0.9950738916256158,0.6622222222222223,149,76,1,202
augment_manh,platt,known_benchmark,pre_ensemble,0.8846075135312879,0.9560591133004925,0.9473853192716429,0.22076615042539033,1.1147725439525518,0.2624824890772184,0.2624868000755952,0.599038612638183,-3.6438678266333255,0.9950738916256158,0.6711111111111111,151,74,1,202
augment_manh,beta,oof_cross_fitted,n/a,0.8827401099146968,0.9988957157924695,0.9994653117021953,0.011412283176172334,0.039554728818367024,0.004982625938730521,0.0018593858226769035,0.9754292705897282,-0.14559012600978494,0.970204081632653,0.9950779327317474,1213,6,73,2377
augment_manh,beta,known_benchmark,post_ensemble,0.8827401099146968,0.9560591133004926,0.9461273007571409,0.22548468683081865,1.1712995779850743,0.26859130412249754,0.26859160362442325,0.5781997007273437,-3.6811208998469063,0.9950738916256158,0.6622222222222223,149,76,1,202
augment_manh,beta,known_benchmark,pre_ensemble,0.8827401099146968,0.9579419813902573,0.9516034913896783,0.2195571371141764,1.1215778175017186,0.26117386710476725,0.26117528776590887,0.6312256963454353,-3.875705249597547,0.9950738916256158,0.6666666666666666,150,75,1,202
augment_manh,isotonic,oof_cross_fitted,n/a,0.854700788034188,0.9983507726306273,0.998934507949005,0.011396196501858913,0.04513534484311434,0.008151613617119798,0.002713219421993214,0.7780452063770009,-0.1615154071530792,0.970204081632653,0.9958982772764561,1214,5,73,2377
augment_manh,isotonic,known_benchmark,post_ensemble,0.854700788034188,0.8966502463054187,0.8163728947741221,0.2263712687191782,2.0360570925158314,0.270542620874931,0.27054267367866935,0.30882381989536034,-3.44397863407913,0.9950738916256158,0.6755555555555556,152,73,1,202
augment_manh,isotonic,known_benchmark,pre_ensemble,0.854700788034188,0.9104324028461959,0.8416207434181449,0.21985756520870953,1.8414478489727546,0.2616949948657088,0.2613981476102788,0.28081643753038854,-2.8107294072869675,0.9950738916256158,0.6666666666666666,150,75,1,202
stretch_manh,raw,oof_cross_fitted,n/a,0.4133181273937225,0.9979668848671543,0.9990109053713369,0.02057040422242438,0.07185779501715354,0.02296228941915049,0.02317644181541647,0.9474370925145433,1.4808819225690637,0.970204081632653,0.9844134536505332,1200,19,73,2377
stretch_manh,raw,known_benchmark,post_ensemble,0.4133181273937225,0.9778653530377668,0.9647878799515699,0.08593028538054533,0.337603751951751,0.1176923068046532,0.12072561057164731,0.8016854733978349,-2.0714887193245373,0.9950738916256158,0.7688888888888888,173,52,1,202
stretch_manh,raw,known_benchmark,pre_ensemble,0.4133181273937225,0.9778653530377668,0.9647878799515699,0.08593028538054533,0.337603751951751,0.1176923068046532,0.12072561057164731,0.8016854733978349,-2.0714887193245373,0.9950738916256158,0.7688888888888888,173,52,1,202
stretch_manh,temperature,oof_cross_fitted,n/a,0.42140707337979266,0.9979400981065107,0.9990023287234958,0.02030535366962506,0.070533988678535,0.02404761075491081,0.024590945294052376,1.093893646714533,1.4601311489485784,0.970204081632653,0.9844134536505332,1200,19,73,2377
stretch_manh,temperature,known_benchmark,post_ensemble,0.42140707337979266,0.9778653530377668,0.9647878799515699,0.08525551487086516,0.31585870392283166,0.1196500611392787,0.12152146524916713,0.9312275646384229,-2.07149984672693,0.9950738916256158,0.7688888888888888,173,52,1,202
stretch_manh,temperature,known_benchmark,pre_ensemble,0.42140707337979266,0.9781718664477285,0.9649672819069743,0.08593367424214439,0.3208566203329897,0.11980876010082635,0.12217076023635327,0.920832290329624,-2.1267590217765253,0.9950738916256158,0.7688888888888888,173,52,1,202
stretch_manh,intercept,oof_cross_fitted,n/a,0.7749335920894975,0.9977552694580705,0.9989070979160322,0.016505063759913573,0.05712082113555792,0.007240072746585604,0.0031307078362250405,0.9381125351588802,-0.10626802629843904,0.970204081632653,0.9803117309269893,1195,24,73,2377
stretch_manh,intercept,known_benchmark,post_ensemble,0.7749335920894975,0.9778653530377668,0.9647878799515699,0.16337096279776267,0.617921812676075,0.21194823231354287,0.21196798259963096,0.8016849905179002,-3.4399660477054583,0.9950738916256158,0.7466666666666667,168,57,1,202
stretch_manh,intercept,known_benchmark,pre_ensemble,0.7749335920894975,0.9776902025177887,0.9647228419172048,0.1390745039271395,0.5556487212114043,0.18699017497315185,0.1870107409555791,0.7516807962925388,-3.136372404896835,0.9950738916256158,0.8088888888888889,182,43,1,202
stretch_manh,platt,oof_cross_fitted,n/a,0.7667011374679984,0.997745559257337,0.9989020717305895,0.016517104594898354,0.057229717037642805,0.0066580065099568035,0.002778540169678385,0.9534042422347824,-0.11134079847003578,0.970204081632653,0.9794913863822805,1194,25,73,2377
stretch_manh,platt,known_benchmark,post_ensemble,0.7667011374679984,0.9778653530377668,0.9647878799515699,0.16245467966315746,0.6078431180880653,0.21183328944388286,0.21185780256090858,0.8202415618965343,-3.4392321605989564,0.9950738916256158,0.7422222222222222,167,58,1,202
stretch_manh,platt,known_benchmark,pre_ensemble,0.7667011374679984,0.9773617952928298,0.9643511939897804,0.14006487352426794,0.553796394020167,0.1876667667100427,0.18770463680085317,0.7908078723534646,-3.2334273440458015,0.9950738916256158,0.8044444444444444,181,44,1,202
stretch_manh,beta,oof_cross_fitted,n/a,0.775393194727952,0.9977535952855301,0.9989044529494582,0.016580062570101608,0.057296121847699284,0.006779842351575353,0.0028085853360772443,0.9531282417735791,-0.1071125387604967,0.970204081632653,0.9794913863822805,1194,25,73,2377
stretch_manh,beta,known_benchmark,post_ensemble,0.775393194727952,0.9778653530377668,0.9647878799515699,0.16407135943043208,0.6037746804122542,0.21284139031313548,0.21287837315719882,0.8627127022845412,-3.5303910931269535,0.9950738916256158,0.7466666666666667,168,57,1,202
stretch_manh,beta,known_benchmark,pre_ensemble,0.775393194727952,0.9777777777777777,0.964895451694838,0.13989308286316535,0.5552528807790442,0.18759945711518938,0.18763059624859216,0.778238984832659,-3.2025455279217234,0.9950738916256158,0.8088888888888889,182,43,1,202
stretch_manh,isotonic,oof_cross_fitted,n/a,0.7164179104477612,0.9969975389663659,0.9982531228590033,0.016929070701870753,0.06411023911550257,0.008421526957871728,0.004450264743331415,0.7943258367546597,-0.07181955066965959,0.9730612244897959,0.9745693191140279,1188,31,66,2384
stretch_manh,isotonic,known_benchmark,post_ensemble,0.7164179104477612,0.962824302134647,0.9291132266937344,0.16900343550793923,0.8704245569987523,0.21643120032182997,0.21643122649005414,0.3352465449456962,-2.405450827116381,0.9950738916256158,0.6177777777777778,139,86,1,202
stretch_manh,isotonic,known_benchmark,pre_ensemble,0.7164179104477612,0.9632731253420909,0.9317146064662285,0.14191907276001403,0.8133123263132538,0.18810013470413037,0.18810016087235465,0.33254701992358804,-2.1770686774256114,0.9950738916256158,0.76,171,54,1,202
