feature,family,normal_domain_smd,normal_domain_smd_ci_low,normal_domain_smd_ci_high,normal_domain_ks,normal_domain_ks_p,normal_domain_auc,normal_domain_wasserstein_standardised,normal_domain_n_a,normal_domain_n_b,pneumonia_domain_smd,pneumonia_domain_smd_ci_low,pneumonia_domain_smd_ci_high,pneumonia_domain_ks,pneumonia_domain_ks_p,pneumonia_domain_auc,pneumonia_domain_wasserstein_standardised,pneumonia_domain_n_a,pneumonia_domain_n_b,class_auc_development,class_auc_benchmark,differential_smd,differential_auc,normal_domain_ks_p_holm,normal_domain_ks_p_bh,pneumonia_domain_ks_p_bh,passes_gate
file_size_per_pixel,quality,-6.009851932222643,-6.425689103201667,-5.647328371136071,0.9827727645611156,4.207725244981591e-240,0.9981332604138182,2.417219769812644,1219,225,0.16986683432505437,0.033972850276832535,0.30019718163041653,0.10226600985221675,0.03670970636183226,0.5283381924198252,0.19919987436251352,2450,203,0.9988937067854213,0.5046305418719211,5.839985097897589,0.46979506799399307,1.7251673504424524e-238,1.7251673504424524e-238,0.08361655337972904,True
noise_estimate,quality,-2.2944048233917287,-2.4958793616567143,-2.133642003225924,0.9198031173092699,1.9977397458413993e-185,0.989532403609516,1.5416461351746236,1219,225,0.060540881939387475,-0.05830171060543502,0.17627743812353605,0.12928923293455313,0.0034114362392481624,0.5406273248215543,0.1713979730813781,2450,203,0.9849059952118665,0.5975697865353038,2.2338639414523414,0.4489050787879617,7.990958983365597e-184,4.0953664789748685e-184,0.02331148096819578,True
file_size_bytes,quality,-1.795788856754639,-1.9592446551671836,-1.6534245006030557,0.8022021693555738,8.337859304848186e-127,0.9463166529942576,1.3037004233172895,1219,225,-0.044454514224814834,-0.17358283146773554,0.08903809877378123,0.07932441942294159,0.1784393153999904,0.5023695586609027,0.11473552397960328,2450,203,0.9975831645209355,0.8916256157635468,1.751334342529824,0.4439470943333549,3.251765128890793e-125,1.1395074383292522e-125,0.24428026207948741,True
laplacian_variance,quality,-0.7665564806984366,-0.9364195698495162,-0.6199481696636897,0.621828456840762,3.0516191841700196e-70,0.8076127973748974,0.6673125778835678,1219,225,0.29114911161711365,0.17725417759905293,0.3928866176455737,0.17596059113300494,1.507002109723735e-05,0.596061123956972,0.396908423191284,2450,203,0.5044958229395121,0.8499178981937603,0.475407369081323,0.21155167341792547,1.1596152899846074e-68,3.12790966377427e-69,0.0004958124812529371,True
aspect,geometry,0.821556584756453,0.6704748243926152,0.978705639767747,0.3442384468143287,1.52946336145743e-20,0.704340534135448,0.9325146579729738,1219,225,0.00602612589046058,-0.13316649642175793,0.15097394748105372,0.028374384236453203,0.9971282685673758,0.5061214436513521,0.0636558363862413,2450,203,0.8817552024911688,0.6997810618500273,0.8155304588659924,0.1982190904840958,5.506068101246747e-19,1.0451332969959105e-19,1.0,True
near_white_frac,photometry,-0.11609526856798436,-0.279576436161982,0.024775416079131557,0.3453686992981497,1.1266988229487324e-20,0.6981022696199071,0.13091263284880963,1219,225,0.14527087099368444,0.02596197305561693,0.28776132342172106,0.12403940886699508,0.005653511148203081,0.5411128983613149,0.20449744017133073,2450,203,0.6942147293700089,0.5596496989600438,-0.02917560242570008,0.15698937125859214,4.16878564491031e-19,9.238930348179606e-20,0.02575488411959181,False
dynamic_range,photometry,-0.4267831426027691,-0.5611229626338706,-0.2869280949575458,0.22130343633214838,1.1991934445178075e-08,0.6350013672409078,0.4482619656030836,1219,225,0.10564988150585937,-0.020101053047728815,0.24117688459686856,0.09536945812807882,0.061586732201587766,0.5224248517140846,0.14847786307668656,2450,203,0.8099511141618255,0.739288451012589,0.32113326109690976,0.11257651552682324,4.077257711360546e-07,6.145866403153764e-08,0.11024253661877172,False
width,geometry,0.4307578944945305,0.2916039526330407,0.5888505619089943,0.20889253486464315,9.552553292083924e-08,0.6141700847689363,0.467524745506107,1219,225,-0.08800067994300705,-0.20629518976245995,0.037317009935588376,0.0964954257565095,0.05673751610611671,0.5212435910324722,0.23159857638515474,2450,203,0.8699869414541863,0.9328297755883963,0.34275721455152347,0.09292649373646411,3.152342586387695e-06,4.351718721949343e-07,0.11024253661877172,False
edge_density,quality,-0.2807746315800151,-0.46525050325541006,-0.10877305397555341,0.25877677513444536,1.077132890544412e-11,0.6100264333242184,0.6128199078706954,1219,225,-0.17523116752265183,-0.33162024649868227,-0.025006890486306575,0.141210415200563,0.001001718811930959,0.5388197446466271,0.21459466909160543,2450,203,0.7721407644271818,0.7098850574712643,0.10554346405736326,0.07120668867759128,3.769965116905442e-10,6.308921216045842e-11,0.008214094257833865,False
corner_mean,geometry,-0.2854285778905881,-0.4420787427491983,-0.13524406759260374,0.16650442074560204,4.498816637412484e-05,0.5925439795825358,0.2905529997252863,1219,225,-0.008923645341154706,-0.1432247910587443,0.12498293578565026,0.04661505981703026,0.7908747853006519,0.5086317482658089,0.08986458534268556,2450,203,0.5025313488808156,0.6030432402846196,0.2765049325494334,0.08391223131672687,0.0012596686584754955,0.0001317510586670799,0.8763747620899115,False
intensity_p1,photometry,0.4072393847405891,0.2970116513718287,0.5135849925110368,0.17498496035001368,1.4702869510532495e-05,0.5880284386108832,0.5726372844759595,1219,225,-0.23423822042497514,-0.34519254529849197,-0.12582194077716796,0.09660802251935256,0.05627107839047757,0.5275077912938574,0.1962184258434808,2450,203,0.7047112889454387,0.601368363437329,0.173001164315614,0.06052064731702578,0.00044108608531597486,5.0234804160986025e-05,0.11024253661877172,False
corner_uniformity,geometry,-0.24461043233459448,-0.4057938070485317,-0.08816341303278934,0.17247288305532768,2.0582718618086848e-05,0.5826889071187678,0.3046653446377426,1219,225,0.18882666802974046,0.05880326165386969,0.3233071192903562,0.12215341308937368,0.006743696551804303,0.56618880064341,0.1938991994780711,2450,203,0.5764457316971087,0.5727859879584019,0.05578376430485402,0.016500106475357712,0.0005968988399245186,6.491472794935083e-05,0.027649155862397645,False
intensity_p99,photometry,-0.275866236493175,-0.41583822732651954,-0.13722475160289654,0.1402752711694467,0.0009997464482323312,0.5809279008294594,0.2935209808057173,1219,225,0.006941756252602252,-0.12393759264693718,0.15023536693731812,0.06340605207600282,0.41969012990456384,0.5021292852116216,0.11009516713177087,2450,203,0.7985165157121092,0.7580186097427477,0.26892448024057275,0.07879861561783785,0.022994168309343616,0.0021573475988171356,0.5409298457808204,False
intensity_p5,photometry,0.29521046602768,0.1562674227953549,0.42251261788965244,0.15854890164980404,0.0001218845707153167,0.5803700665390575,0.34300478923984234,1219,225,-0.27582386664980874,-0.3874385714726357,-0.16445873989910592,0.1257283603096411,0.004816572693578056,0.5394872825977681,0.2328506195910702,2450,203,0.6936070047379084,0.5938040503557744,0.01938659937787124,0.04088278394128941,0.0032908834093135506,0.00033315115995519894,0.024684935054587537,False
hf_energy_frac_norm256,quality,-0.22658948360364675,-0.40273742015516,-0.07181146605213504,0.20042657916324857,3.655413081609202e-07,0.5729687357579072,0.49960868128240543,1219,225,0.11980182535335297,-0.014915706043149624,0.24756048927715868,0.09472202674173118,0.06453221655732978,0.5352327334874836,0.13953684946043102,2450,203,0.6641743818117896,0.732807881773399,0.10678765825029378,0.03773600227042362,1.1331780552988525e-05,1.3624721485997934e-06,0.11024253661877172,False
near_black_frac,photometry,-0.24771098940022937,-0.39807734919040333,-0.09942168787137776,0.13038738492389026,0.0028007878359255145,0.5679919788533406,0.25577718860163096,1219,225,0.047142599976096745,-0.09709875761198968,0.19033028772082886,0.08668543279380718,0.11223442140520291,0.5258731275761537,0.06439295497838986,2450,203,0.6365716294721334,0.5537383689107828,0.20056838942413263,0.04211885127718695,0.05321496888258478,0.004992708750997657,0.17043004731901182,False
unique_gray_levels,quality,-0.12883594993600664,-0.25523114933807856,0.013666200356145205,0.13739495032358034,0.0013598489550369303,0.5642493847415915,0.14421745402923364,1219,225,0.16950175126832379,0.05566799619257119,0.29399341952636787,0.09969035890218156,0.0447233988620143,0.5025515230722831,0.21217197016693312,2450,203,0.7739965846880179,0.7541871921182266,-0.04066580133231715,0.06169786166930835,0.029916677010812465,0.0027876903578257072,0.09650838701803086,False
centre_border_contrast,geometry,0.18615529676891335,0.03537833491801614,0.33608115886141476,0.13376355847233615,0.0019873959182926575,0.5581988879773949,0.2157165317268229,1219,225,0.024730137191930675,-0.10743311236464402,0.15092320059656905,0.08225193525686136,0.149132176489164,0.5184739117321806,0.13099385097895774,2450,203,0.8012181279402655,0.7672249589490968,0.16142515957698267,0.039724976245214316,0.039747918365853147,0.00370378330227268,0.2183721155734187,False
iqr,photometry,-0.15449858766786906,-0.3126377225336757,-0.004148238947672411,0.14274359675508158,0.0007636492220319316,0.5547516179017409,0.21140936863308993,1219,225,0.14733652354159354,0.02486689561667266,0.27232087454665826,0.12066150598170303,0.007738220590090958,0.5518699105257867,0.21455421163583832,2450,203,0.6271991093402086,0.5325889436234263,0.007162064126275514,0.002881707375954168,0.018327581328766357,0.0017394232279616222,0.0288424585630663,False
tenengrad,quality,-0.1439518354826339,-0.30253737448511075,0.003663506337329375,0.2081524017865281,1.0754156660706669e-07,0.5529195150852246,0.27531187204339935,1219,225,0.2913269988968242,0.15358692324688944,0.4266931936748006,0.10710767065446869,0.024983908563808492,0.5509761737207197,0.3535390722860714,2450,203,0.6702543068088598,0.739463601532567,-0.14737516341419027,0.0019433413645049136,3.441330131426134e-06,4.409204230889734e-07,0.06402126569475926,False
intensity_p25,photometry,0.16113232226576213,0.008308752311850342,0.32267757099654726,0.14348008385744235,0.0007041235009163561,0.5484276729559748,0.23689448746782638,1219,225,-0.1642377167105639,-0.2957362438007779,-0.03636145302697059,0.0949612948627727,0.06343000391405645,0.5431838745350357,0.1910211542642654,2450,203,0.5591945555908991,0.5295019157088123,-0.0031053944448017623,0.005243798420939139,0.017603087522908904,0.0016981802080923882,0.11024253661877172,False
intensity_std,photometry,-0.18721611794742773,-0.3286453864216828,-0.03427810502601493,0.10710418375717802,0.023504071633176846,0.541828456840762,0.2163970746282225,1219,225,0.15003404210336357,0.021987798811906784,0.28778934204708995,0.10903589021815623,0.021328001640037463,0.540024127877752,0.18870408257241053,2450,203,0.6497825249870252,0.586031746031746,0.03718207584406416,0.0018043289630099713,0.28204885959812215,0.03212223123200835,0.0582965378161024,False
log_area,geometry,0.10457478963230996,-0.050631755789074584,0.2653113283450012,0.11721812049949867,0.009819435864120377,0.5317673867468782,0.3130123395038228,1219,225,-0.012575563743288333,-0.12978309840615812,0.10659522448262711,0.08978184377199155,0.09121068568260425,0.5183613149693375,0.21660357243614614,2450,203,0.9031092732417003,0.9183032293377121,0.09199922588902162,0.013406071777540718,0.14729153796180566,0.014910995201071685,0.14383223511487594,False
intensity_mean,photometry,0.11231909484287134,-0.04339415220810769,0.26553558772203417,0.13549539695561025,0.0016602354676651199,0.5311129340989882,0.24657393705806763,1219,225,-0.1437978217701759,-0.2756800384626723,-0.010977132364444149,0.09010555946516538,0.08921664949776206,0.5381079722529406,0.17397201801092463,2450,203,0.5351331804255747,0.5336836343732896,-0.03147872692730455,-0.006995038153952415,0.03486494482096752,0.0032414121035366623,0.14383223511487594,False
margin_right_frac,geometry,0.03821634560540126,-0.10166224385098524,0.18181616248204246,0.11656913681524018,0.010411096564891387,0.5264406161699025,0.0887251513856927,1219,225,-0.3628280544510583,-0.44971097556782624,-0.2647077653470344,0.11446868402533428,0.013450903895243272,0.5577189102241882,0.28265145415207027,2450,203,0.7366519897540641,0.8443349753694581,-0.32461170884565704,-0.03127829405428573,0.14729153796180566,0.015244819970019531,0.04242208151576724,False
height,geometry,-0.019920829073743925,-0.1764941072520064,0.13331088866711327,0.1529195150852247,0.00023958596653094223,0.5258681979764834,0.3030483502184779,1219,225,-0.09585053531026919,-0.21901300647443048,0.03497543695511242,0.07929627023223082,0.17874165518011276,0.5167517844576255,0.18443066006382358,2450,203,0.9149984095360868,0.8967159277504105,-0.07592970623652526,0.009116413518857946,0.0062292351298044975,0.0006139390392355395,0.24428026207948741,False
margin_left_frac,geometry,0.16773508693155834,0.026039186889683333,0.30721591589664937,0.1256622003463677,0.004461432652685774,0.5248892534864643,0.1924483728453382,1219,225,-0.3949761146632527,-0.46603477500333435,-0.3034732014265406,0.1491344123856439,0.00041762186184228365,0.5738865989745652,0.3012010430158746,2450,203,0.7845915856088129,0.8792665571975917,-0.22724102773169438,-0.04899734548810086,0.08030578774834393,0.007621614115004863,0.004280624083883407,False
intensity_p75,photometry,0.06402007318808714,-0.08726632588370986,0.21691397568539872,0.11326223680612524,0.013946241125384859,0.5245210099352839,0.20976421481597132,1219,225,-0.03249163896733697,-0.16605515714449007,0.10842048713857709,0.058395496129486274,0.5244415816715418,0.5110455413692571,0.10091111888497081,2450,203,0.509080042189148,0.5274767378215655,0.03152843422075017,0.013475468566026882,0.18130113463000316,0.019717099522095837,0.6143458528152346,False
histogram_entropy,photometry,-0.0721434903450607,-0.2150771684411395,0.07132460261244836,0.07555920153130982,0.21564692499006555,0.5211047306535411,0.11158751851711374,1219,225,0.22276048449425856,0.08211248548480546,0.3681073240142028,0.12719211822660098,0.0041847466225387025,0.5662551523072283,0.21490066557793408,2450,203,0.6988106678274263,0.6125670498084291,-0.15061699414919785,-0.04515042165368721,1.0,0.24559788679424133,0.024510658789155256,False
intensity_p50,photometry,0.07537025535476714,-0.08146960035613203,0.230720760821153,0.10197429587093246,0.03550703377324488,0.5194421657095981,0.2416083275223299,1219,225,-0.09835734612855265,-0.22968171889157143,0.035323074527263326,0.10344827586206896,0.03347233428969956,0.5291776414999497,0.15095134582136377,2450,203,0.5691915420803267,0.5207881773399015,-0.02298709077378551,-0.009735475790351611,0.39057737150569366,0.04696091563558193,0.08072739446339307,False
margin_bottom_frac,geometry,0.007361579421745858,-0.115221543466219,0.13253855493752764,0.03903381642512077,0.9216036135313954,0.519427581806581,0.05585057934681148,1219,225,-0.056250171458448794,-0.0797012398486848,-0.032881974834973016,0.0024489795918367346,1.0,0.5012244897959184,0.04138804613543695,2450,203,0.52046742897323,0.5022222222222222,-0.048888592036702934,0.018203092010662614,1.0,0.9446437038696803,1.0,False
fg_box_height_frac,geometry,-0.007761292754820176,-0.13305975828650374,0.11500845203747537,0.03903381642512077,0.9216036135313954,0.519427581806581,0.05530589329118549,1219,225,0.06554452054992328,0.04727058232568261,0.08990553332202036,0.0069387755102040816,1.0,0.503469387755102,0.04822564646421523,2450,203,0.5181995948502451,0.5022222222222222,-0.05778322779510311,0.015958194051479024,1.0,0.9446437038696803,1.0,False
background_frac,geometry,-0.040822768345388664,-0.19107644167185714,0.11827964096528397,0.12279646340351837,0.00586770658398347,0.5191359037462401,0.3518949415221493,1219,225,0.021986448974078213,-0.1137491323867739,0.1600768457862781,0.061182266009852215,0.4647390889900029,0.5040112596762844,0.13166297281746392,2450,203,0.6333682677336726,0.6229009304871373,0.018836319371310452,0.015124644069955728,0.099751011927719,0.00925292192089701,0.5604206661350034,False
fg_occupancy,geometry,0.040822768345387866,-0.11827964096528715,0.19107644167185725,0.12279646340351837,0.00586770658398347,0.5191359037462401,0.3518949415221492,1219,225,-0.021986448974078834,-0.1600768457862769,0.11374913238677341,0.061182266009852215,0.4647390889900029,0.5040112596762842,0.13166297281746392,2450,203,0.6333682677336726,0.6229009304871373,0.018836319371309033,0.01512464406995584,0.099751011927719,0.00925292192089701,0.5604206661350034,False
fg_box_width_frac,geometry,-0.09725465148058245,-0.23945748042329076,0.052017446404645305,0.07140643514720627,0.27248027365998007,0.5163759001002644,0.13060805758460353,1219,225,0.4160194894384108,0.32127689349008237,0.4994147326243775,0.16913441238564392,3.699951724190171e-05,0.5832170503669448,0.32170082827013907,2450,203,0.819796253201855,0.9024302134646963,-0.3187648379578284,-0.06684115026668047,1.0,0.3019376005421401,0.0005056600689726567,False
fg_box_occupancy,geometry,-0.09623375817608404,-0.24226405413499771,0.052379560493570905,0.07772855710509526,0.18979296264625256,0.5147479719259866,0.13487765120103318,1219,225,0.41664741164828006,0.322679557844269,0.49907091460812963,0.17239971850809288,2.4185974695265227e-05,0.5848135116115412,0.32184228695430284,2450,203,0.8194093519278097,0.9024302134646963,-0.320413653472196,-0.07006553968555451,1.0,0.22232889909989584,0.0004958124812529371,False
skewness,photometry,-0.12437432990277411,-0.27090223075945613,0.035664418445444476,0.08076930088414912,0.15766387106675395,0.5112095524564761,0.2002042840096055,1219,225,0.13944148669845588,0.012850693505616394,0.2625530221712549,0.1156368754398311,0.012145884072606262,0.5248034583291444,0.18860530707249823,2450,203,0.6296244830992281,0.598336070060208,-0.015067156795681769,-0.013593905872668288,1.0,0.19012407981579152,0.041498437248071396,False
margin_top_frac,geometry,0.008147848965875103,-0.11528708069501033,0.13309357322348095,0.016884513717983777,0.9999999873844397,0.508402151125695,0.053672901341101864,1219,225,-0.07128413413170542,-0.09847645098985232,-0.052698641894778714,0.0069387755102040816,1.0,0.503469387755102,0.05244788985759644,2450,203,0.5071696439035006,0.5022222222222222,-0.06313628516583032,0.004932763370593007,1.0,0.9999999873844397,1.0,False
kurtosis,photometry,0.12785495308779438,-0.02651800070399081,0.2743890334829762,0.0927536231884058,0.07085292977117333,0.5071552274177377,0.25946560697104015,1219,225,-0.24998427893238964,-0.360100921409832,-0.13575535867874108,0.11287825475017593,0.015430088553012967,0.5398290941992561,0.22407709648958846,2450,203,0.5353575195459644,0.5137821565407772,-0.12212932584459527,-0.0326738667815184,0.6376763679405599,0.08802939759448808,0.04518811647668083,False
blockiness_norm256,quality,0.13580396698904612,-0.02533947710480893,0.2850889500612253,0.09774860997174369,0.04913452034390004,0.5069109470422022,0.4107667860004366,1219,225,0.1558817986869705,0.011614370996441633,0.30194614505294126,0.06327938071780437,0.4221891479264939,0.5267155926409972,0.163112461156034,2450,203,0.6476385796320169,0.5964313081554461,-0.020077831697924375,-0.019804645598795023,0.4913452034390004,0.06295360419062193,0.5409298457808204,False
intensity_p95,photometry,-0.029454742751119596,-0.17121983867906604,0.11916194120180426,0.05625375991249658,0.5626235916387352,0.5051390028256313,0.1185305359069486,1219,225,0.0130716346844339,-0.11878099948019666,0.15631840546722908,0.05344123856439127,0.6367772423589807,0.5035196541670856,0.08518300276693296,2450,203,0.6976625202993421,0.6960919540229885,0.016383108066685696,0.0016193486585457384,1.0,0.6070412436102144,0.7252185260199503,False
