experiment,calibrator,position,operating_point,threshold,auc,pr_auc,brier,log_loss,ece_fixed,ece_adaptive,calibration_slope,calibration_intercept,sensitivity,specificity,tn,fp,fn,tp
resnet18,raw,post_ensemble,A_raw_oof_threshold,0.8857100605964661,0.9488669950738916,0.9276675918863335,0.2028442865916296,1.1079241589570294,0.23499812536809067,0.23500029981268775,0.5007628884205814,-3.034046257575185,0.9950738916256158,0.7022222222222222,158,67,1,202
resnet18,raw,post_ensemble,B_calibrated_oof_threshold,0.8857100605964661,0.9488669950738916,0.9276675918863335,0.2028442865916296,1.1079241589570294,0.23499812536809067,0.23500029981268775,0.5007628884205814,-3.034046257575185,0.9950738916256158,0.7022222222222222,158,67,1,202
resnet18,raw,post_ensemble,C_calibrated_half,0.5,0.9488669950738916,0.9276675918863335,0.2028442865916296,1.1079241589570294,0.23499812536809067,0.23500029981268775,0.5007628884205814,-3.034046257575185,0.9950738916256158,0.5422222222222223,122,103,1,202
resnet18,raw,pre_ensemble,A_raw_oof_threshold,0.8857100605964661,0.9488669950738916,0.9276675918863335,0.2028442865916296,1.1079241589570294,0.23499812536809067,0.23500029981268775,0.5007628884205814,-3.034046257575185,0.9950738916256158,0.7022222222222222,158,67,1,202
resnet18,raw,pre_ensemble,B_calibrated_oof_threshold,0.8857100605964661,0.9488669950738916,0.9276675918863335,0.2028442865916296,1.1079241589570294,0.23499812536809067,0.23500029981268775,0.5007628884205814,-3.034046257575185,0.9950738916256158,0.7022222222222222,158,67,1,202
resnet18,raw,pre_ensemble,C_calibrated_half,0.5,0.9488669950738916,0.9276675918863335,0.2028442865916296,1.1079241589570294,0.23499812536809067,0.23500029981268775,0.5007628884205814,-3.034046257575185,0.9950738916256158,0.5422222222222223,122,103,1,202
resnet18,temperature,post_ensemble,A_raw_oof_threshold,0.8857100605964661,0.9488669950738916,0.9276675918863335,0.19756527638764282,0.9396480268971092,0.23488826879965846,0.23490272437074283,0.6050411444262124,-3.0340248592151,0.9950738916256158,0.7066666666666667,159,66,1,202
resnet18,temperature,post_ensemble,B_calibrated_oof_threshold,0.8499603314533224,0.9488669950738916,0.9276675918863335,0.19756527638764282,0.9396480268971092,0.23488826879965846,0.23490272437074283,0.6050411444262124,-3.0340248592151,0.9950738916256158,0.7022222222222222,158,67,1,202
resnet18,temperature,post_ensemble,C_calibrated_half,0.5,0.9488669950738916,0.9276675918863335,0.19756527638764282,0.9396480268971092,0.23488826879965846,0.23490272437074283,0.6050411444262124,-3.0340248592151,0.9950738916256158,0.5422222222222223,122,103,1,202
resnet18,temperature,pre_ensemble,A_raw_oof_threshold,0.8857100605964661,0.9501258894362343,0.9316901290108317,0.19878342252656742,0.9705753890413984,0.23464023992581023,0.23464023992581026,0.6036339043393637,-3.16321770849296,0.9950738916256158,0.7022222222222222,158,67,1,202
resnet18,temperature,pre_ensemble,B_calibrated_oof_threshold,0.8499603314533224,0.9501258894362343,0.9316901290108317,0.19878342252656742,0.9705753890413984,0.23464023992581023,0.23464023992581026,0.6036339043393637,-3.16321770849296,0.9950738916256158,0.7022222222222222,158,67,1,202
resnet18,temperature,pre_ensemble,C_calibrated_half,0.5,0.9501258894362343,0.9316901290108317,0.19878342252656742,0.9705753890413984,0.23464023992581023,0.23464023992581026,0.6036339043393637,-3.16321770849296,0.9950738916256158,0.5466666666666666,123,102,1,202
resnet18,intercept,post_ensemble,A_raw_oof_threshold,0.8857100605964661,0.9488669950738916,0.9276675918863335,0.2433886449513276,1.3953013815252313,0.2765655700735238,0.2765662774524539,0.5016434469710153,-3.60164619931586,0.9950738916256158,0.6355555555555555,143,82,1,202
resnet18,intercept,post_ensemble,B_calibrated_oof_threshold,0.9574964307346171,0.9488669950738916,0.9276675918863335,0.2433886449513276,1.3953013815252313,0.2765655700735238,0.2765662774524539,0.5016434469710153,-3.60164619931586,0.9950738916256158,0.7022222222222222,158,67,1,202
resnet18,intercept,post_ensemble,C_calibrated_half,0.5,0.9488669950738916,0.9276675918863335,0.2433886449513276,1.3953013815252313,0.2765655700735238,0.2765662774524539,0.5016434469710153,-3.60164619931586,0.9950738916256158,0.4533333333333333,102,123,1,202
resnet18,intercept,pre_ensemble,A_raw_oof_threshold,0.8857100605964661,0.9501696770662288,0.931941193470092,0.23175430359736043,1.3909759012547804,0.2652066517645999,0.26520688526922326,0.4858112631766702,-3.5774635200115417,0.9950738916256158,0.6488888888888888,146,79,1,202
resnet18,intercept,pre_ensemble,B_calibrated_oof_threshold,0.9574964307346171,0.9501696770662288,0.931941193470092,0.23175430359736043,1.3909759012547804,0.2652066517645999,0.26520688526922326,0.4858112631766702,-3.5774635200115417,0.9950738916256158,0.7022222222222222,158,67,1,202
resnet18,intercept,pre_ensemble,C_calibrated_half,0.5,0.9501696770662288,0.931941193470092,0.23175430359736043,1.3909759012547804,0.2652066517645999,0.26520688526922326,0.4858112631766702,-3.5774635200115417,0.9950738916256158,0.48,108,117,1,202
resnet18,platt,post_ensemble,A_raw_oof_threshold,0.8857100605964661,0.9488669950738916,0.9276675918863335,0.23725612407277125,1.2082506231105696,0.2754823802409962,0.2754865579027407,0.5864463337919666,-3.592870857157674,0.9950738916256158,0.6622222222222223,149,76,1,202
resnet18,platt,post_ensemble,B_calibrated_oof_threshold,0.9372165824233629,0.9488669950738916,0.9276675918863335,0.23725612407277125,1.2082506231105696,0.2754823802409962,0.2754865579027407,0.5864463337919666,-3.592870857157674,0.9950738916256158,0.7022222222222222,158,67,1,202
resnet18,platt,post_ensemble,C_calibrated_half,0.5,0.9488669950738916,0.9276675918863335,0.23725612407277125,1.2082506231105696,0.2754823802409962,0.2754865579027407,0.5864463337919666,-3.592870857157674,0.9950738916256158,0.4533333333333333,102,123,1,202
resnet18,platt,pre_ensemble,A_raw_oof_threshold,0.8857100605964661,0.9510454296661193,0.93517171259157,0.22832702300005914,1.2150874095974629,0.26453960505902374,0.2645431647977947,0.5880452568486156,-3.7294649430018434,0.9950738916256158,0.6533333333333333,147,78,1,202
resnet18,platt,pre_ensemble,B_calibrated_oof_threshold,0.9372165824233629,0.9510454296661193,0.93517171259157,0.22832702300005914,1.2150874095974629,0.26453960505902374,0.2645431647977947,0.5880452568486156,-3.7294649430018434,0.9950738916256158,0.6977777777777778,157,68,1,202
resnet18,platt,pre_ensemble,C_calibrated_half,0.5,0.9510454296661193,0.93517171259157,0.22832702300005914,1.2150874095974629,0.26453960505902374,0.2645431647977947,0.5880452568486156,-3.7294649430018434,0.9950738916256158,0.48444444444444446,109,116,1,202
resnet18,beta,post_ensemble,A_raw_oof_threshold,0.8857100605964661,0.9488669950738916,0.9276675918863335,0.23759327801281666,1.2020450554486937,0.27571582829460295,0.275720459232644,0.5938020811857643,-3.609812913499214,0.9950738916256158,0.6622222222222223,149,76,1,202
resnet18,beta,post_ensemble,B_calibrated_oof_threshold,0.9377296128832183,0.9488669950738916,0.9276675918863335,0.23759327801281666,1.2020450554486937,0.27571582829460295,0.275720459232644,0.5938020811857643,-3.609812913499214,0.9950738916256158,0.7022222222222222,158,67,1,202
resnet18,beta,post_ensemble,C_calibrated_half,0.5,0.9488669950738916,0.9276675918863335,0.23759327801281666,1.2020450554486937,0.27571582829460295,0.275720459232644,0.5938020811857643,-3.609812913499214,0.9950738916256158,0.4533333333333333,102,123,1,202
resnet18,beta,pre_ensemble,A_raw_oof_threshold,0.8857100605964661,0.9490311986863711,0.9293176906111589,0.22780744704854833,1.23001780042897,0.26366191541710987,0.26366348884761676,0.5788392391365846,-3.699690220714999,0.9950738916256158,0.6533333333333333,147,78,1,202
resnet18,beta,pre_ensemble,B_calibrated_oof_threshold,0.9377296128832183,0.9490311986863711,0.9293176906111589,0.22780744704854833,1.23001780042897,0.26366191541710987,0.26366348884761676,0.5788392391365846,-3.699690220714999,0.9950738916256158,0.6844444444444444,154,71,1,202
resnet18,beta,pre_ensemble,C_calibrated_half,0.5,0.9490311986863711,0.9293176906111589,0.22780744704854833,1.23001780042897,0.26366191541710987,0.26366348884761676,0.5788392391365846,-3.699690220714999,0.9950738916256158,0.48444444444444446,109,116,1,202
resnet18,isotonic,post_ensemble,A_raw_oof_threshold,0.8857100605964661,0.9151395730706074,0.8455803933919721,0.23713313712967915,1.8021223863330902,0.275075018357016,0.2750750576093523,0.2929440083087797,-2.89886081079175,0.9950738916256158,0.6311111111111111,142,83,1,202
resnet18,isotonic,post_ensemble,B_calibrated_oof_threshold,0.9375,0.9151395730706074,0.8455803933919721,0.23713313712967915,1.8021223863330902,0.275075018357016,0.2750750576093523,0.2929440083087797,-2.89886081079175,0.9950738916256158,0.6311111111111111,142,83,1,202
resnet18,isotonic,post_ensemble,C_calibrated_half,0.5,0.9151395730706074,0.8455803933919721,0.23713313712967915,1.8021223863330902,0.275075018357016,0.2750750576093523,0.2929440083087797,-2.89886081079175,1.0,0.41333333333333333,93,132,0,203
resnet18,isotonic,pre_ensemble,A_raw_oof_threshold,0.8857100605964661,0.9065353037766831,0.8341892734571927,0.23028522723082132,1.9406943351033858,0.2658263275798841,0.2658705473166805,0.27023977800405463,-2.6537158761586355,0.9950738916256158,0.6622222222222223,149,76,1,202
resnet18,isotonic,pre_ensemble,B_calibrated_oof_threshold,0.9375,0.9065353037766831,0.8341892734571927,0.23028522723082132,1.9406943351033858,0.2658263275798841,0.2658705473166805,0.27023977800405463,-2.6537158761586355,0.9901477832512315,0.68,153,72,2,201
resnet18,isotonic,pre_ensemble,C_calibrated_half,0.5,0.9065353037766831,0.8341892734571927,0.23028522723082132,1.9406943351033858,0.2658263275798841,0.2658705473166805,0.27023977800405463,-2.6537158761586355,0.9950738916256158,0.48,108,117,1,202
stretch_nhe,raw,post_ensemble,A_raw_oof_threshold,0.8309692740440369,0.9669184455391353,0.9470995699313709,0.1489190337515574,0.6565665807372018,0.18356098408790777,0.18487368846572794,0.6317426372536592,-2.7460556503165456,0.9901477832512315,0.7644444444444445,172,53,2,201
stretch_nhe,raw,post_ensemble,B_calibrated_oof_threshold,0.8309692740440369,0.9669184455391353,0.9470995699313709,0.1489190337515574,0.6565665807372018,0.18356098408790777,0.18487368846572794,0.6317426372536592,-2.7460556503165456,0.9901477832512315,0.7644444444444445,172,53,2,201
stretch_nhe,raw,post_ensemble,C_calibrated_half,0.5,0.9669184455391353,0.9470995699313709,0.1489190337515574,0.6565665807372018,0.18356098408790777,0.18487368846572794,0.6317426372536592,-2.7460556503165456,0.9950738916256158,0.6577777777777778,148,77,1,202
stretch_nhe,raw,pre_ensemble,A_raw_oof_threshold,0.8309692740440369,0.9669184455391353,0.9470995699313709,0.1489190337515574,0.6565665807372018,0.18356098408790777,0.18487368846572794,0.6317426372536592,-2.7460556503165456,0.9901477832512315,0.7644444444444445,172,53,2,201
stretch_nhe,raw,pre_ensemble,B_calibrated_oof_threshold,0.8309692740440369,0.9669184455391353,0.9470995699313709,0.1489190337515574,0.6565665807372018,0.18356098408790777,0.18487368846572794,0.6317426372536592,-2.7460556503165456,0.9901477832512315,0.7644444444444445,172,53,2,201
stretch_nhe,raw,pre_ensemble,C_calibrated_half,0.5,0.9669184455391353,0.9470995699313709,0.1489190337515574,0.6565665807372018,0.18356098408790777,0.18487368846572794,0.6317426372536592,-2.7460556503165456,0.9950738916256158,0.6577777777777778,148,77,1,202
stretch_nhe,temperature,post_ensemble,A_raw_oof_threshold,0.8309692740440369,0.9669184455391353,0.9470995699313709,0.1443444301853664,0.5764546748083926,0.18383615416292165,0.1839281596359015,0.7518833368161464,-2.746010571149259,0.9852216748768473,0.7955555555555556,179,46,3,200
stretch_nhe,temperature,post_ensemble,B_calibrated_oof_threshold,0.7978533162454166,0.9669184455391353,0.9470995699313709,0.1443444301853664,0.5764546748083926,0.18383615416292165,0.1839281596359015,0.7518833368161464,-2.746010571149259,0.9901477832512315,0.7644444444444445,172,53,2,201
stretch_nhe,temperature,post_ensemble,C_calibrated_half,0.5,0.9669184455391353,0.9470995699313709,0.1443444301853664,0.5764546748083926,0.18383615416292165,0.1839281596359015,0.7518833368161464,-2.746010571149259,0.9950738916256158,0.6577777777777778,148,77,1,202
stretch_nhe,temperature,pre_ensemble,A_raw_oof_threshold,0.8309692740440369,0.9675314723590586,0.9502467812191375,0.14648335226853518,0.5983226324797405,0.18420235901288565,0.18425078455990662,0.7268600498745146,-2.8144393010515563,0.9901477832512315,0.7822222222222223,176,49,2,201
stretch_nhe,temperature,pre_ensemble,B_calibrated_oof_threshold,0.7978533162454166,0.9675314723590586,0.9502467812191375,0.14648335226853518,0.5983226324797405,0.18420235901288565,0.18425078455990662,0.7268600498745146,-2.8144393010515563,0.9950738916256158,0.76,171,54,1,202
stretch_nhe,temperature,pre_ensemble,C_calibrated_half,0.5,0.9675314723590586,0.9502467812191375,0.14648335226853518,0.5983226324797405,0.18420235901288565,0.18425078455990662,0.7268600498745146,-2.8144393010515563,0.9950738916256158,0.6622222222222223,149,76,1,202
stretch_nhe,intercept,post_ensemble,A_raw_oof_threshold,0.8309692740440369,0.9669184455391353,0.9470995699313709,0.19930904315707856,0.9136584084015512,0.2376432493497239,0.23764931337044262,0.6317629019125289,-3.517442444838805,0.9950738916256158,0.6933333333333334,156,69,1,202
stretch_nhe,intercept,post_ensemble,B_calibrated_oof_threshold,0.938800277020184,0.9669184455391353,0.9470995699313709,0.19930904315707856,0.9136584084015512,0.2376432493497239,0.23764931337044262,0.6317629019125289,-3.517442444838805,0.9901477832512315,0.76,171,54,2,201
stretch_nhe,intercept,post_ensemble,C_calibrated_half,0.5,0.9669184455391353,0.9470995699313709,0.19930904315707856,0.9136584084015512,0.2376432493497239,0.23764931337044262,0.6317629019125289,-3.517442444838805,0.9950738916256158,0.5333333333333333,120,105,1,202
stretch_nhe,intercept,pre_ensemble,A_raw_oof_threshold,0.8309692740440369,0.9658894362342638,0.9458201183882087,0.18505907255839812,0.882826091430332,0.22406584580508443,0.22319870898062696,0.6085047950436286,-3.3793753770667676,0.9950738916256158,0.7066666666666667,159,66,1,202
stretch_nhe,intercept,pre_ensemble,B_calibrated_oof_threshold,0.938800277020184,0.9658894362342638,0.9458201183882087,0.18505907255839812,0.882826091430332,0.22406584580508443,0.22319870898062696,0.6085047950436286,-3.3793753770667676,0.9852216748768473,0.7733333333333333,174,51,3,200
stretch_nhe,intercept,pre_ensemble,C_calibrated_half,0.5,0.9658894362342638,0.9458201183882087,0.18505907255839812,0.882826091430332,0.22406584580508443,0.22319870898062696,0.6085047950436286,-3.3793753770667676,0.9950738916256158,0.5688888888888889,128,97,1,202
stretch_nhe,platt,post_ensemble,A_raw_oof_threshold,0.8309692740440369,0.9669184455391353,0.9470995699313709,0.19388808587624579,0.8086794308614683,0.2381860693608319,0.23753384047657555,0.7351465044283638,-3.5238249336487044,0.9950738916256158,0.7111111111111111,160,65,1,202
stretch_nhe,platt,post_ensemble,B_calibrated_oof_threshold,0.9180183922204868,0.9669184455391353,0.9470995699313709,0.19388808587624579,0.8086794308614683,0.2381860693608319,0.23753384047657555,0.7351465044283638,-3.5238249336487044,0.9901477832512315,0.7644444444444445,172,53,2,201
stretch_nhe,platt,post_ensemble,C_calibrated_half,0.5,0.9669184455391353,0.9470995699313709,0.19388808587624579,0.8086794308614683,0.2381860693608319,0.23753384047657555,0.7351465044283638,-3.5238249336487044,0.9950738916256158,0.5333333333333333,120,105,1,202
stretch_nhe,platt,pre_ensemble,A_raw_oof_threshold,0.8309692740440369,0.966152162014231,0.9511533700509771,0.18247148444991595,0.8144288017176968,0.22355858901959696,0.22356041499797616,0.6758695016220126,-3.4148674594833572,0.9950738916256158,0.7111111111111111,160,65,1,202
stretch_nhe,platt,pre_ensemble,B_calibrated_oof_threshold,0.9180183922204868,0.966152162014231,0.9511533700509771,0.18247148444991595,0.8144288017176968,0.22355858901959696,0.22356041499797616,0.6758695016220126,-3.4148674594833572,0.9901477832512315,0.76,171,54,2,201
stretch_nhe,platt,pre_ensemble,C_calibrated_half,0.5,0.966152162014231,0.9511533700509771,0.18247148444991595,0.8144288017176968,0.22355858901959696,0.22356041499797616,0.6758695016220126,-3.4148674594833572,0.9950738916256158,0.5733333333333334,129,96,1,202
stretch_nhe,beta,post_ensemble,A_raw_oof_threshold,0.8309692740440369,0.9669184455391353,0.9470995699313709,0.18561653806992612,0.949149463750293,0.2298936643535991,0.22989427026646037,0.5062821316538715,-3.1889277009857167,0.9950738916256158,0.7155555555555555,161,64,1,202
stretch_nhe,beta,post_ensemble,B_calibrated_oof_threshold,0.9214795581443093,0.9669184455391353,0.9470995699313709,0.18561653806992612,0.949149463750293,0.2298936643535991,0.22989427026646037,0.5062821316538715,-3.1889277009857167,0.9901477832512315,0.76,171,54,2,201
stretch_nhe,beta,post_ensemble,C_calibrated_half,0.5,0.9669184455391353,0.9470995699313709,0.18561653806992612,0.949149463750293,0.2298936643535991,0.22989427026646037,0.5062821316538715,-3.1889277009857167,0.9950738916256158,0.5555555555555556,125,100,1,202
stretch_nhe,beta,pre_ensemble,A_raw_oof_threshold,0.8309692740440369,0.9656267104542966,0.945389520785558,0.17908669781828584,0.8848808804538467,0.21968210515884018,0.21968302843813373,0.567713852414395,-3.2445436764177877,0.9950738916256158,0.7111111111111111,160,65,1,202
stretch_nhe,beta,pre_ensemble,B_calibrated_oof_threshold,0.9214795581443093,0.9656267104542966,0.945389520785558,0.17908669781828584,0.8848808804538467,0.21968210515884018,0.21968302843813373,0.567713852414395,-3.2445436764177877,0.9901477832512315,0.7644444444444445,172,53,2,201
stretch_nhe,beta,pre_ensemble,C_calibrated_half,0.5,0.9656267104542966,0.945389520785558,0.17908669781828584,0.8848808804538467,0.21968210515884018,0.21968302843813373,0.567713852414395,-3.2445436764177877,0.9950738916256158,0.5955555555555555,134,91,1,202
stretch_nhe,isotonic,post_ensemble,A_raw_oof_threshold,0.8309692740440369,0.9023973727422003,0.8246051291938223,0.1836220386480167,1.8261133832820904,0.23197329959612983,0.2319733654839802,0.3373229003954814,-3.874341748701055,0.9950738916256158,0.6888888888888889,155,70,1,202
stretch_nhe,isotonic,post_ensemble,B_calibrated_oof_threshold,0.8648648648648649,0.9023973727422003,0.8246051291938223,0.1836220386480167,1.8261133832820904,0.23197329959612983,0.2319733654839802,0.3373229003954814,-3.874341748701055,0.9950738916256158,0.7377777777777778,166,59,1,202
stretch_nhe,isotonic,post_ensemble,C_calibrated_half,0.5,0.9023973727422003,0.8246051291938223,0.1836220386480167,1.8261133832820904,0.23197329959612983,0.2319733654839802,0.3373229003954814,-3.874341748701055,0.9950738916256158,0.52,117,108,1,202
stretch_nhe,isotonic,pre_ensemble,A_raw_oof_threshold,0.8309692740440369,0.9320087575259989,0.8748252563824314,0.18183128382403504,1.4549314471612516,0.22244906524027536,0.22244906524027525,0.31244556522542877,-3.0603380064410404,0.9950738916256158,0.7244444444444444,163,62,1,202
stretch_nhe,isotonic,pre_ensemble,B_calibrated_oof_threshold,0.8648648648648649,0.9320087575259989,0.8748252563824314,0.18183128382403504,1.4549314471612516,0.22244906524027536,0.22244906524027525,0.31244556522542877,-3.0603380064410404,0.9950738916256158,0.7333333333333333,165,60,1,202
stretch_nhe,isotonic,pre_ensemble,C_calibrated_half,0.5,0.9320087575259989,0.8748252563824314,0.18183128382403504,1.4549314471612516,0.22244906524027536,0.22244906524027525,0.31244556522542877,-3.0603380064410404,0.9950738916256158,0.5866666666666667,132,93,1,202
augment_manh,raw,post_ensemble,A_raw_oof_threshold,0.7969589332739512,0.9560591133004926,0.9461273007571409,0.19412223325689007,0.8951229035682605,0.2355715968690837,0.23557474955689753,0.6638158128269789,-3.303105336833514,0.9950738916256158,0.6755555555555556,152,73,1,202
augment_manh,raw,post_ensemble,B_calibrated_oof_threshold,0.7969589332739512,0.9560591133004926,0.9461273007571409,0.19412223325689007,0.8951229035682605,0.2355715968690837,0.23557474955689753,0.6638158128269789,-3.303105336833514,0.9950738916256158,0.6755555555555556,152,73,1,202
augment_manh,raw,post_ensemble,C_calibrated_half,0.5,0.9560591133004926,0.9461273007571409,0.19412223325689007,0.8951229035682605,0.2355715968690837,0.23557474955689753,0.6638158128269789,-3.303105336833514,0.9950738916256158,0.5866666666666667,132,93,1,202
augment_manh,raw,pre_ensemble,A_raw_oof_threshold,0.7969589332739512,0.9560591133004926,0.9461273007571409,0.19412223325689007,0.8951229035682605,0.2355715968690837,0.23557474955689753,0.6638158128269789,-3.303105336833514,0.9950738916256158,0.6755555555555556,152,73,1,202
augment_manh,raw,pre_ensemble,B_calibrated_oof_threshold,0.7969589332739512,0.9560591133004926,0.9461273007571409,0.19412223325689007,0.8951229035682605,0.2355715968690837,0.23557474955689753,0.6638158128269789,-3.303105336833514,0.9950738916256158,0.6755555555555556,152,73,1,202
augment_manh,raw,pre_ensemble,C_calibrated_half,0.5,0.9560591133004926,0.9461273007571409,0.19412223325689007,0.8951229035682605,0.2355715968690837,0.23557474955689753,0.6638158128269789,-3.303105336833514,0.9950738916256158,0.5866666666666667,132,93,1,202
augment_manh,temperature,post_ensemble,A_raw_oof_threshold,0.7969589332739512,0.9560591133004926,0.9461273007571409,0.1949280966705621,0.9196126766609175,0.2353216690890061,0.23532384752188604,0.6425057275740587,-3.3031607835114407,0.9950738916256158,0.6711111111111111,151,74,1,202
augment_manh,temperature,post_ensemble,B_calibrated_oof_threshold,0.8033391104367678,0.9560591133004926,0.9461273007571409,0.1949280966705621,0.9196126766609175,0.2353216690890061,0.23532384752188604,0.6425057275740587,-3.3031607835114407,0.9950738916256158,0.6755555555555556,152,73,1,202
augment_manh,temperature,post_ensemble,C_calibrated_half,0.5,0.9560591133004926,0.9461273007571409,0.1949280966705621,0.9196126766609175,0.2353216690890061,0.23532384752188604,0.6425057275740587,-3.3031607835114407,0.9950738916256158,0.5866666666666667,132,93,1,202
augment_manh,temperature,pre_ensemble,A_raw_oof_threshold,0.7969589332739512,0.9540010946907499,0.9436359392072258,0.1954585292969237,0.9228087305194046,0.2356295399770008,0.23563200647534543,0.6364225788984058,-3.2406399663332532,0.9950738916256158,0.6711111111111111,151,74,1,202
augment_manh,temperature,pre_ensemble,B_calibrated_oof_threshold,0.8033391104367678,0.9540010946907499,0.9436359392072258,0.1954585292969237,0.9228087305194046,0.2356295399770008,0.23563200647534543,0.6364225788984058,-3.2406399663332532,0.9950738916256158,0.68,153,72,1,202
augment_manh,temperature,pre_ensemble,C_calibrated_half,0.5,0.9540010946907499,0.9436359392072258,0.1954585292969237,0.9228087305194046,0.2356295399770008,0.23563200647534543,0.6364225788984058,-3.2406399663332532,0.9950738916256158,0.5777777777777777,130,95,1,202
augment_manh,intercept,post_ensemble,A_raw_oof_threshold,0.7969589332739512,0.9560591133004926,0.9461273007571409,0.2243726619277468,1.065107087396619,0.26961197331452474,0.26961358137113717,0.6638200681471356,-3.750034680264106,0.9950738916256158,0.6311111111111111,142,83,1,202
augment_manh,intercept,post_ensemble,B_calibrated_oof_threshold,0.8717408651350269,0.9560591133004926,0.9461273007571409,0.2243726619277468,1.065107087396619,0.26961197331452474,0.26961358137113717,0.6638200681471356,-3.750034680264106,0.9950738916256158,0.6622222222222223,149,76,1,202
augment_manh,intercept,post_ensemble,C_calibrated_half,0.5,0.9560591133004926,0.9461273007571409,0.2243726619277468,1.065107087396619,0.26961197331452474,0.26961358137113717,0.6638200681471356,-3.750034680264106,0.9950738916256158,0.48444444444444446,109,116,1,202
augment_manh,intercept,pre_ensemble,A_raw_oof_threshold,0.7969589332739512,0.9563218390804599,0.9465247249626166,0.21719471746204635,1.0233027698556596,0.2610524086268879,0.26105439510129436,0.6688657008733435,-3.684471917386289,0.9950738916256158,0.6533333333333333,147,78,1,202
augment_manh,intercept,pre_ensemble,B_calibrated_oof_threshold,0.8717408651350269,0.9563218390804599,0.9465247249626166,0.21719471746204635,1.0233027698556596,0.2610524086268879,0.26105439510129436,0.6688657008733435,-3.684471917386289,0.9950738916256158,0.6755555555555556,152,73,1,202
augment_manh,intercept,pre_ensemble,C_calibrated_half,0.5,0.9563218390804599,0.9465247249626166,0.21719471746204635,1.0233027698556596,0.2610524086268879,0.26105439510129436,0.6688657008733435,-3.684471917386289,0.9950738916256158,0.52,117,108,1,202
augment_manh,platt,post_ensemble,A_raw_oof_threshold,0.7969589332739512,0.9560591133004926,0.9461273007571409,0.2269150939680111,1.1356927056332193,0.2697811065073854,0.2697817574129601,0.6168755897182076,-3.753590806566023,0.9950738916256158,0.6266666666666667,141,84,1,202
augment_manh,platt,post_ensemble,B_calibrated_oof_threshold,0.8846075135312879,0.9560591133004926,0.9461273007571409,0.2269150939680111,1.1356927056332193,0.2697811065073854,0.2697817574129601,0.6168755897182076,-3.753590806566023,0.9950738916256158,0.6622222222222223,149,76,1,202
augment_manh,platt,post_ensemble,C_calibrated_half,0.5,0.9560591133004926,0.9461273007571409,0.2269150939680111,1.1356927056332193,0.2697811065073854,0.2697817574129601,0.6168755897182076,-3.753590806566023,0.9950738916256158,0.48444444444444446,109,116,1,202
augment_manh,platt,pre_ensemble,A_raw_oof_threshold,0.7969589332739512,0.9560591133004925,0.9473853192716429,0.22076615042539033,1.1147725439525518,0.2624824890772184,0.2624868000755952,0.599038612638183,-3.6438678266333255,0.9950738916256158,0.64,144,81,1,202
augment_manh,platt,pre_ensemble,B_calibrated_oof_threshold,0.8846075135312879,0.9560591133004925,0.9473853192716429,0.22076615042539033,1.1147725439525518,0.2624824890772184,0.2624868000755952,0.599038612638183,-3.6438678266333255,0.9950738916256158,0.6711111111111111,151,74,1,202
augment_manh,platt,pre_ensemble,C_calibrated_half,0.5,0.9560591133004925,0.9473853192716429,0.22076615042539033,1.1147725439525518,0.2624824890772184,0.2624868000755952,0.599038612638183,-3.6438678266333255,0.9950738916256158,0.5155555555555555,116,109,1,202
augment_manh,beta,post_ensemble,A_raw_oof_threshold,0.7969589332739512,0.9560591133004926,0.9461273007571409,0.22548468683081865,1.1712995779850743,0.26859130412249754,0.26859160362442325,0.5781997007273437,-3.6811208998469063,0.9950738916256158,0.6266666666666667,141,84,1,202
augment_manh,beta,post_ensemble,B_calibrated_oof_threshold,0.8827401099146968,0.9560591133004926,0.9461273007571409,0.22548468683081865,1.1712995779850743,0.26859130412249754,0.26859160362442325,0.5781997007273437,-3.6811208998469063,0.9950738916256158,0.6622222222222223,149,76,1,202
augment_manh,beta,post_ensemble,C_calibrated_half,0.5,0.9560591133004926,0.9461273007571409,0.22548468683081865,1.1712995779850743,0.26859130412249754,0.26859160362442325,0.5781997007273437,-3.6811208998469063,0.9950738916256158,0.48444444444444446,109,116,1,202
augment_manh,beta,pre_ensemble,A_raw_oof_threshold,0.7969589332739512,0.9579419813902573,0.9516034913896783,0.2195571371141764,1.1215778175017186,0.26117386710476725,0.26117528776590887,0.6312256963454353,-3.875705249597547,0.9950738916256158,0.6533333333333333,147,78,1,202
augment_manh,beta,pre_ensemble,B_calibrated_oof_threshold,0.8827401099146968,0.9579419813902573,0.9516034913896783,0.2195571371141764,1.1215778175017186,0.26117386710476725,0.26117528776590887,0.6312256963454353,-3.875705249597547,0.9950738916256158,0.6666666666666666,150,75,1,202
augment_manh,beta,pre_ensemble,C_calibrated_half,0.5,0.9579419813902573,0.9516034913896783,0.2195571371141764,1.1215778175017186,0.26117386710476725,0.26117528776590887,0.6312256963454353,-3.875705249597547,0.9950738916256158,0.52,117,108,1,202
augment_manh,isotonic,post_ensemble,A_raw_oof_threshold,0.7969589332739512,0.8966502463054187,0.8163728947741221,0.2263712687191782,2.0360570925158314,0.270542620874931,0.27054267367866935,0.30882381989536034,-3.44397863407913,0.9950738916256158,0.6755555555555556,152,73,1,202
augment_manh,isotonic,post_ensemble,B_calibrated_oof_threshold,0.854700788034188,0.8966502463054187,0.8163728947741221,0.2263712687191782,2.0360570925158314,0.270542620874931,0.27054267367866935,0.30882381989536034,-3.44397863407913,0.9950738916256158,0.6755555555555556,152,73,1,202
augment_manh,isotonic,post_ensemble,C_calibrated_half,0.5,0.8966502463054187,0.8163728947741221,0.2263712687191782,2.0360570925158314,0.270542620874931,0.27054267367866935,0.30882381989536034,-3.44397863407913,0.9950738916256158,0.39111111111111113,88,137,1,202
augment_manh,isotonic,pre_ensemble,A_raw_oof_threshold,0.7969589332739512,0.9104324028461959,0.8416207434181449,0.21985756520870953,1.8414478489727546,0.2616949948657088,0.2613981476102788,0.28081643753038854,-2.8107294072869675,0.9950738916256158,0.6444444444444445,145,80,1,202
augment_manh,isotonic,pre_ensemble,B_calibrated_oof_threshold,0.854700788034188,0.9104324028461959,0.8416207434181449,0.21985756520870953,1.8414478489727546,0.2616949948657088,0.2613981476102788,0.28081643753038854,-2.8107294072869675,0.9950738916256158,0.6666666666666666,150,75,1,202
augment_manh,isotonic,pre_ensemble,C_calibrated_half,0.5,0.9104324028461959,0.8416207434181449,0.21985756520870953,1.8414478489727546,0.2616949948657088,0.2613981476102788,0.28081643753038854,-2.8107294072869675,0.9950738916256158,0.5066666666666667,114,111,1,202
stretch_manh,raw,post_ensemble,A_raw_oof_threshold,0.4133181273937225,0.9778653530377668,0.9647878799515699,0.08593028538054533,0.337603751951751,0.1176923068046532,0.12072561057164731,0.8016854733978349,-2.0714887193245373,0.9950738916256158,0.7688888888888888,173,52,1,202
stretch_manh,raw,post_ensemble,B_calibrated_oof_threshold,0.4133181273937225,0.9778653530377668,0.9647878799515699,0.08593028538054533,0.337603751951751,0.1176923068046532,0.12072561057164731,0.8016854733978349,-2.0714887193245373,0.9950738916256158,0.7688888888888888,173,52,1,202
stretch_manh,raw,post_ensemble,C_calibrated_half,0.5,0.9778653530377668,0.9647878799515699,0.08593028538054533,0.337603751951751,0.1176923068046532,0.12072561057164731,0.8016854733978349,-2.0714887193245373,0.9950738916256158,0.8,180,45,1,202
stretch_manh,raw,pre_ensemble,A_raw_oof_threshold,0.4133181273937225,0.9778653530377668,0.9647878799515699,0.08593028538054533,0.337603751951751,0.1176923068046532,0.12072561057164731,0.8016854733978349,-2.0714887193245373,0.9950738916256158,0.7688888888888888,173,52,1,202
stretch_manh,raw,pre_ensemble,B_calibrated_oof_threshold,0.4133181273937225,0.9778653530377668,0.9647878799515699,0.08593028538054533,0.337603751951751,0.1176923068046532,0.12072561057164731,0.8016854733978349,-2.0714887193245373,0.9950738916256158,0.7688888888888888,173,52,1,202
stretch_manh,raw,pre_ensemble,C_calibrated_half,0.5,0.9778653530377668,0.9647878799515699,0.08593028538054533,0.337603751951751,0.1176923068046532,0.12072561057164731,0.8016854733978349,-2.0714887193245373,0.9950738916256158,0.8,180,45,1,202
stretch_manh,temperature,post_ensemble,A_raw_oof_threshold,0.4133181273937225,0.9778653530377668,0.9647878799515699,0.08525551487086516,0.31585870392283166,0.1196500611392787,0.12152146524916713,0.9312275646384229,-2.07149984672693,0.9950738916256158,0.76,171,54,1,202
stretch_manh,temperature,post_ensemble,B_calibrated_oof_threshold,0.42140707337979266,0.9778653530377668,0.9647878799515699,0.08525551487086516,0.31585870392283166,0.1196500611392787,0.12152146524916713,0.9312275646384229,-2.07149984672693,0.9950738916256158,0.7688888888888888,173,52,1,202
stretch_manh,temperature,post_ensemble,C_calibrated_half,0.5,0.9778653530377668,0.9647878799515699,0.08525551487086516,0.31585870392283166,0.1196500611392787,0.12152146524916713,0.9312275646384229,-2.07149984672693,0.9950738916256158,0.8,180,45,1,202
stretch_manh,temperature,pre_ensemble,A_raw_oof_threshold,0.4133181273937225,0.9781718664477285,0.9649672819069743,0.08593367424214439,0.3208566203329897,0.11980876010082635,0.12217076023635327,0.920832290329624,-2.1267590217765253,0.9950738916256158,0.7555555555555555,170,55,1,202
stretch_manh,temperature,pre_ensemble,B_calibrated_oof_threshold,0.42140707337979266,0.9781718664477285,0.9649672819069743,0.08593367424214439,0.3208566203329897,0.11980876010082635,0.12217076023635327,0.920832290329624,-2.1267590217765253,0.9950738916256158,0.7688888888888888,173,52,1,202
stretch_manh,temperature,pre_ensemble,C_calibrated_half,0.5,0.9781718664477285,0.9649672819069743,0.08593367424214439,0.3208566203329897,0.11980876010082635,0.12217076023635327,0.920832290329624,-2.1267590217765253,0.9950738916256158,0.7955555555555556,179,46,1,202
stretch_manh,intercept,post_ensemble,A_raw_oof_threshold,0.4133181273937225,0.9778653530377668,0.9647878799515699,0.16337096279776267,0.617921812676075,0.21194823231354287,0.21196798259963096,0.8016849905179002,-3.4399660477054583,0.9950738916256158,0.5377777777777778,121,104,1,202
stretch_manh,intercept,post_ensemble,B_calibrated_oof_threshold,0.7749335920894975,0.9778653530377668,0.9647878799515699,0.16337096279776267,0.617921812676075,0.21194823231354287,0.21196798259963096,0.8016849905179002,-3.4399660477054583,0.9950738916256158,0.7466666666666667,168,57,1,202
stretch_manh,intercept,post_ensemble,C_calibrated_half,0.5,0.9778653530377668,0.9647878799515699,0.16337096279776267,0.617921812676075,0.21194823231354287,0.21196798259963096,0.8016849905179002,-3.4399660477054583,0.9950738916256158,0.5866666666666667,132,93,1,202
stretch_manh,intercept,pre_ensemble,A_raw_oof_threshold,0.4133181273937225,0.9776902025177887,0.9647228419172048,0.1390745039271395,0.5556487212114043,0.18699017497315185,0.1870107409555791,0.7516807962925388,-3.136372404896835,0.9950738916256158,0.6088888888888889,137,88,1,202
stretch_manh,intercept,pre_ensemble,B_calibrated_oof_threshold,0.7749335920894975,0.9776902025177887,0.9647228419172048,0.1390745039271395,0.5556487212114043,0.18699017497315185,0.1870107409555791,0.7516807962925388,-3.136372404896835,0.9950738916256158,0.8088888888888889,182,43,1,202
stretch_manh,intercept,pre_ensemble,C_calibrated_half,0.5,0.9776902025177887,0.9647228419172048,0.1390745039271395,0.5556487212114043,0.18699017497315185,0.1870107409555791,0.7516807962925388,-3.136372404896835,0.9950738916256158,0.6444444444444445,145,80,1,202
stretch_manh,platt,post_ensemble,A_raw_oof_threshold,0.4133181273937225,0.9778653530377668,0.9647878799515699,0.16245467966315746,0.6078431180880653,0.21183328944388286,0.21185780256090858,0.8202415618965343,-3.4392321605989564,0.9950738916256158,0.5377777777777778,121,104,1,202
stretch_manh,platt,post_ensemble,B_calibrated_oof_threshold,0.7667011374679984,0.9778653530377668,0.9647878799515699,0.16245467966315746,0.6078431180880653,0.21183328944388286,0.21185780256090858,0.8202415618965343,-3.4392321605989564,0.9950738916256158,0.7422222222222222,167,58,1,202
stretch_manh,platt,post_ensemble,C_calibrated_half,0.5,0.9778653530377668,0.9647878799515699,0.16245467966315746,0.6078431180880653,0.21183328944388286,0.21185780256090858,0.8202415618965343,-3.4392321605989564,0.9950738916256158,0.5866666666666667,132,93,1,202
stretch_manh,platt,pre_ensemble,A_raw_oof_threshold,0.4133181273937225,0.9773617952928298,0.9643511939897804,0.14006487352426794,0.553796394020167,0.1876667667100427,0.18770463680085317,0.7908078723534646,-3.2334273440458015,0.9950738916256158,0.6044444444444445,136,89,1,202
stretch_manh,platt,pre_ensemble,B_calibrated_oof_threshold,0.7667011374679984,0.9773617952928298,0.9643511939897804,0.14006487352426794,0.553796394020167,0.1876667667100427,0.18770463680085317,0.7908078723534646,-3.2334273440458015,0.9950738916256158,0.8044444444444444,181,44,1,202
stretch_manh,platt,pre_ensemble,C_calibrated_half,0.5,0.9773617952928298,0.9643511939897804,0.14006487352426794,0.553796394020167,0.1876667667100427,0.18770463680085317,0.7908078723534646,-3.2334273440458015,0.9950738916256158,0.6444444444444445,145,80,1,202
stretch_manh,beta,post_ensemble,A_raw_oof_threshold,0.4133181273937225,0.9778653530377668,0.9647878799515699,0.16407135943043208,0.6037746804122542,0.21284139031313548,0.21287837315719882,0.8627127022845412,-3.5303910931269535,0.9950738916256158,0.5288888888888889,119,106,1,202
stretch_manh,beta,post_ensemble,B_calibrated_oof_threshold,0.775393194727952,0.9778653530377668,0.9647878799515699,0.16407135943043208,0.6037746804122542,0.21284139031313548,0.21287837315719882,0.8627127022845412,-3.5303910931269535,0.9950738916256158,0.7466666666666667,168,57,1,202
stretch_manh,beta,post_ensemble,C_calibrated_half,0.5,0.9778653530377668,0.9647878799515699,0.16407135943043208,0.6037746804122542,0.21284139031313548,0.21287837315719882,0.8627127022845412,-3.5303910931269535,0.9950738916256158,0.5822222222222222,131,94,1,202
stretch_manh,beta,pre_ensemble,A_raw_oof_threshold,0.4133181273937225,0.9777777777777777,0.964895451694838,0.13989308286316535,0.5552528807790442,0.18759945711518938,0.18763059624859216,0.778238984832659,-3.2025455279217234,0.9950738916256158,0.6044444444444445,136,89,1,202
stretch_manh,beta,pre_ensemble,B_calibrated_oof_threshold,0.775393194727952,0.9777777777777777,0.964895451694838,0.13989308286316535,0.5552528807790442,0.18759945711518938,0.18763059624859216,0.778238984832659,-3.2025455279217234,0.9950738916256158,0.8088888888888889,182,43,1,202
stretch_manh,beta,pre_ensemble,C_calibrated_half,0.5,0.9777777777777777,0.964895451694838,0.13989308286316535,0.5552528807790442,0.18759945711518938,0.18763059624859216,0.778238984832659,-3.2025455279217234,0.9950738916256158,0.6444444444444445,145,80,1,202
stretch_manh,isotonic,post_ensemble,A_raw_oof_threshold,0.4133181273937225,0.962824302134647,0.9291132266937344,0.16900343550793923,0.8704245569987523,0.21643120032182997,0.21643122649005414,0.3352465449456962,-2.405450827116381,0.9950738916256158,0.4888888888888889,110,115,1,202
stretch_manh,isotonic,post_ensemble,B_calibrated_oof_threshold,0.7164179104477612,0.962824302134647,0.9291132266937344,0.16900343550793923,0.8704245569987523,0.21643120032182997,0.21643122649005414,0.3352465449456962,-2.405450827116381,0.9950738916256158,0.6177777777777778,139,86,1,202
stretch_manh,isotonic,post_ensemble,C_calibrated_half,0.5,0.962824302134647,0.9291132266937344,0.16900343550793923,0.8704245569987523,0.21643120032182997,0.21643122649005414,0.3352465449456962,-2.405450827116381,0.9950738916256158,0.4888888888888889,110,115,1,202
stretch_manh,isotonic,pre_ensemble,A_raw_oof_threshold,0.4133181273937225,0.9632731253420909,0.9317146064662285,0.14191907276001403,0.8133123263132538,0.18810013470413037,0.18810016087235465,0.33254701992358804,-2.1770686774256114,0.9950738916256158,0.5911111111111111,133,92,1,202
stretch_manh,isotonic,pre_ensemble,B_calibrated_oof_threshold,0.7164179104477612,0.9632731253420909,0.9317146064662285,0.14191907276001403,0.8133123263132538,0.18810013470413037,0.18810016087235465,0.33254701992358804,-2.1770686774256114,0.9950738916256158,0.76,171,54,1,202
stretch_manh,isotonic,pre_ensemble,C_calibrated_half,0.5,0.9632731253420909,0.9317146064662285,0.14191907276001403,0.8133123263132538,0.18810013470413037,0.18810016087235465,0.33254701992358804,-2.1770686774256114,0.9950738916256158,0.6266666666666667,141,84,1,202
