experiment,feature,family,spearman_rho,spearman_p,cliffs_delta_fp_vs_tn,median_shift_fp_vs_tn,n_fp,n_tn,spearman_p_bh
resnet18,width,geometry,-0.5593103245400353,6.431337554869087e-20,-0.655181671737963,-376.0,74,151,6.592120993740814e-19
resnet18,height,geometry,-0.626735336110936,5.874869459064918e-26,-0.713441918739932,-442.0,74,151,2.4086964782166166e-24
resnet18,log_area,geometry,-0.6082063381318726,3.741360378103152e-24,-0.6989439770896724,-0.5687349163666671,74,151,7.66978877511146e-23
resnet18,aspect,geometry,0.561203035084592,4.5414342751595744e-20,0.610166457848577,0.2567835720669842,74,151,6.206626842718084e-19
resnet18,fg_box_width_frac,geometry,0.18875117583206596,0.004496097027153435,0.1804188294254519,0.04118001802402371,74,151,0.009226092568331287
resnet18,fg_box_height_frac,geometry,0.06789418030998967,0.3106253273321225,0.006622516556291391,0.0,74,151,0.374577600606383
resnet18,fg_occupancy,geometry,0.2552288152355877,0.00010820231318670779,0.2020762484338643,0.0443018250770747,74,151,0.0004032995309686381
resnet18,fg_box_occupancy,geometry,0.19110918017602702,0.0040117343100748385,0.18274565956685157,0.04118001802402371,74,151,0.009226092568331287
resnet18,margin_top_frac,geometry,-0.06789418030998967,0.3106253273321225,-0.006622516556291391,0.0,74,151,0.374577600606383
resnet18,margin_bottom_frac,geometry,-0.06789418030998967,0.3106253273321225,-0.006622516556291391,0.0,74,151,0.374577600606383
resnet18,margin_left_frac,geometry,-0.19839984936652214,0.0027971478325841763,-0.2751029174870235,-0.003750310056866749,74,151,0.008191647223996516
resnet18,margin_right_frac,geometry,-0.19243594229927963,0.003760381958949163,-0.15777698228029358,-0.02999922307683765,74,151,0.009226092568331287
resnet18,background_frac,geometry,-0.2552288152355877,0.00010820231318670779,-0.2020762484338643,-0.0443018250770747,74,151,0.0004032995309686381
resnet18,centre_border_contrast,geometry,0.23486112109760696,0.000380686107737729,0.2434222301771971,4.4423222806884795,74,151,0.001300677534770574
resnet18,corner_uniformity,geometry,0.18918314568833278,0.00440360983343004,0.1720064435296223,5.428275817397466,74,151,0.009226092568331287
resnet18,corner_mean,geometry,0.06490576135621907,0.3324523465663594,0.025237157687488798,1.3272508198800637,74,151,0.3894441774063067
resnet18,intensity_mean,photometry,0.06084233631663952,0.363670238048259,-0.058349740468945754,-2.2726104621821577,74,151,0.4141799933327394
resnet18,intensity_std,photometry,-0.0448293653835077,0.5034753422048626,-0.15339180239842487,-1.3289205883030064,74,151,0.5432233955368254
resnet18,intensity_p1,photometry,-0.16025591963397923,0.016127344836300125,-0.1724539108645069,0.0,74,151,0.030055506285832048
resnet18,intensity_p5,photometry,-0.13843231763145358,0.03799397887688872,-0.14864864864864863,0.0,74,151,0.062310125358097504
resnet18,intensity_p25,photometry,0.07595500080150967,0.25653498685452114,0.00017898693395379528,-3.5,74,151,0.3392882084204957
resnet18,intensity_p50,photometry,0.11058529596664807,0.09800180077731445,-0.023357794880973726,-2.5,74,151,0.14881754932851454
resnet18,intensity_p75,photometry,0.037810714387391184,0.5726156143995088,-0.12359047789511368,-3.5,74,151,0.6019805177020476
resnet18,intensity_p95,photometry,-0.07877446573844794,0.23924926240111238,-0.2103096473957401,-3.5,74,151,0.32697399194818694
resnet18,intensity_p99,photometry,-0.05828844561580883,0.3841927622455089,-0.14202613209235726,-2.5,74,151,0.4257271149206991
resnet18,dynamic_range,photometry,0.021825779864786354,0.7447254914723025,-0.04027206013960988,0.5,74,151,0.7633436287591101
resnet18,iqr,photometry,-0.11087682828412634,0.09711415777854769,-0.17012708072310723,-4.5,74,151,0.14881754932851454
resnet18,histogram_entropy,photometry,-0.18873065902654917,0.004500532960161603,-0.2022552353678182,-0.03515849126394155,74,151,0.009226092568331287
resnet18,skewness,photometry,-0.1947009545150888,0.0033639428632608512,-0.12654376230535175,-0.060180227389834196,74,151,0.009194777159579661
resnet18,kurtosis,photometry,0.16479364053438245,0.013320563617064886,0.16627886164310007,0.12084294654001893,74,151,0.026006814680936203
resnet18,near_black_frac,photometry,0.15086031726216068,0.02361907982162025,0.16771075711473066,0.013295584966914742,74,151,0.04034926136193459
resnet18,near_white_frac,photometry,0.4008835878069926,4.276155799718456e-10,0.5238947556828352,0.000437643031764,74,151,2.5046055398350954e-09
resnet18,laplacian_variance,quality,0.308609599091034,2.3694238180826238e-06,0.4063003400751745,24.075217590692567,74,151,1.0794041837931952e-05
resnet18,tenengrad,quality,0.36277156771880287,2.102933208256711e-08,0.4800429568641489,347.96357727131146,74,151,1.0777532692315644e-07
resnet18,edge_density,quality,-0.10078863842339036,0.1317466928492859,-0.044746733488455315,0.0003683700808266993,74,151,0.1929148002435972
resnet18,noise_estimate,quality,0.2219397033868361,0.0008009644761985198,0.31591193842849474,0.06868502639552598,74,151,0.0025261187326261012
resnet18,unique_gray_levels,quality,0.0799414266683189,0.23233914460332283,0.0878825845713263,0.0,74,151,0.32697399194818694
resnet18,file_size_bytes,quality,-0.5507284166101248,3.03053881559288e-19,-0.5988902810094863,-87649.0,74,151,2.4850418287861612e-18
resnet18,file_size_per_pixel,quality,0.15599780551870973,0.01921745595949152,0.25147664220511906,0.007212983182991642,74,151,0.03425720410170228
resnet18,hf_energy_frac_norm256,quality,0.47543547890499877,4.3252976608902074e-14,0.6239484517630214,0.026786877293117517,74,151,2.955620068274975e-13
resnet18,blockiness_norm256,quality,-0.0008001481248536873,0.99047717578186,-0.015213889386074764,0.00818985749657708,74,151,0.99047717578186
stretch_nhe,width,geometry,-0.4890391580875548,6.255609721225456e-15,-0.6465182764958137,-387.5,59,166,7.678942889562139e-14
stretch_nhe,height,geometry,-0.53248309609615,7.083810918375575e-18,-0.7012456606085358,-431.0,59,166,2.9043624765339857e-16
stretch_nhe,log_area,geometry,-0.5218075862871819,4.1075770862258635e-17,-0.6883806412089035,-0.5687564643430942,59,166,8.420533026763021e-16
stretch_nhe,aspect,geometry,0.45389246412371687,7.799493925266077e-13,0.5971002654686544,0.26135831461787995,59,166,6.395585018718184e-12
stretch_nhe,fg_box_width_frac,geometry,0.2520282721289259,0.00013278530550106,0.23973861547886455,0.04446921310970531,59,166,0.00038887125182453285
stretch_nhe,fg_box_height_frac,geometry,0.07509505844312395,0.2619744778866261,0.006024096385542169,0.0,59,166,0.32548344222277786
stretch_nhe,fg_occupancy,geometry,0.27651984646009614,2.58763278858113e-05,0.2479068817643455,0.0518418014190174,59,166,9.644813121075122e-05
stretch_nhe,fg_box_occupancy,geometry,0.25433772250749687,0.00011457976482845173,0.24178068205023484,0.04446921310970531,59,166,0.0003613669506128093
stretch_nhe,margin_top_frac,geometry,-0.07509505844312395,0.2619744778866261,-0.006024096385542169,0.0,59,166,0.32548344222277786
stretch_nhe,margin_bottom_frac,geometry,-0.07509505844312395,0.2619744778866261,-0.006024096385542169,0.0,59,166,0.32548344222277786
stretch_nhe,margin_left_frac,geometry,-0.23953015307002531,0.000287994302761839,-0.2664896875638145,-0.0067917958378108,59,166,0.0007871844275490267
stretch_nhe,margin_right_frac,geometry,-0.25592266315827683,0.00010346852510027874,-0.2610782111496835,-0.0337373447517404,59,166,0.00035351746075928573
stretch_nhe,background_frac,geometry,-0.27651984646009614,2.58763278858113e-05,-0.2479068817643455,-0.05184180141901734,59,166,9.644813121075122e-05
stretch_nhe,centre_border_contrast,geometry,0.19826864636991484,0.0028156694458821353,0.28017153359199515,6.869844020264132,59,166,0.005772122364058377
stretch_nhe,corner_uniformity,geometry,0.16476567886940524,0.013336453603061576,0.16173167245252196,4.451762468112719,59,166,0.026037837986929744
stretch_nhe,corner_mean,geometry,0.0824036464410274,0.2182236858387952,0.016336532570961848,-0.7971487187718438,59,166,0.2982390373130201
stretch_nhe,intensity_mean,photometry,0.10643863592427091,0.11133681154823953,0.006126199714110658,1.272905676047074,59,166,0.1630289026242079
stretch_nhe,intensity_std,photometry,-0.07358990391377156,0.2716845897218812,-0.12660812742495403,-1.3005185386908664,59,166,0.3276196523116803
stretch_nhe,intensity_p1,photometry,-0.08608475053414325,0.1982795884623303,-0.16734735552379004,0.0,59,166,0.2803263147226049
stretch_nhe,intensity_p5,photometry,-0.06434494883235255,0.3366555290814329,-0.10353277516847048,0.0,59,166,0.38341324145385414
stretch_nhe,intensity_p25,photometry,0.12796069838083027,0.055287997925447,0.05891362058403099,-0.5,59,166,0.09067231659773307
stretch_nhe,intensity_p50,photometry,0.15514987990238094,0.0198907239534378,0.042168674698795205,0.5,59,166,0.03608371481088041
stretch_nhe,intensity_p75,photometry,0.07180118773481929,0.2835387041189738,-0.05125587094139272,-1.0,59,166,0.33214533911079785
stretch_nhe,intensity_p95,photometry,-0.048031109660451675,0.473455757766691,-0.15111292628139678,-1.0,59,166,0.5246401640117387
stretch_nhe,intensity_p99,photometry,-0.03604302366569615,0.5907090166996526,-0.1050643250969982,-3.0,59,166,0.6210017867868143
stretch_nhe,dynamic_range,photometry,0.0055984063175365945,0.9334468073199907,-0.016336532570961848,0.0,59,166,0.9334468073199907
stretch_nhe,iqr,photometry,-0.15057344386254531,0.023888614800329815,-0.1808249948948335,-5.0,59,166,0.040809716950563436
stretch_nhe,histogram_entropy,photometry,-0.21286199581858187,0.001317973608060413,-0.23912599550745356,-0.09614193512178204,59,166,0.0030020509961376073
stretch_nhe,skewness,photometry,-0.23206870631516346,0.00044864879270459457,-0.180110271594854,-0.07785265477915104,59,166,0.0011496625313055235
stretch_nhe,kurtosis,photometry,0.2046171537174219,0.0020364308307265653,0.2082907902797631,0.14611557965717892,59,166,0.004394403371567852
stretch_nhe,near_black_frac,photometry,0.10648393725449706,0.11118380957955523,0.1848070247090055,0.014420397503171645,59,166,0.1630289026242079
stretch_nhe,near_white_frac,photometry,0.34271071856959373,1.3452651578352624e-07,0.5239942822136001,0.00045033540056065003,59,166,6.89448393390572e-07
stretch_nhe,laplacian_variance,quality,0.31711932001649806,1.1964710239683034e-06,0.4470083724729426,28.4535462149868,59,166,5.450590220300049e-06
stretch_nhe,tenengrad,quality,0.3560331626807642,3.9793902703652816e-08,0.5229732489279151,365.42324161528404,59,166,2.330785729785379e-07
stretch_nhe,edge_density,quality,-0.12649448298276597,0.05816321425014055,-0.032673065141923585,0.0006815439926023403,59,166,0.0917189147790678
stretch_nhe,noise_estimate,quality,0.22511969296233297,0.0006695392590930034,0.34776393710434955,0.06852363113325632,59,166,0.0016147711542831259
stretch_nhe,unique_gray_levels,quality,0.046481099002615114,0.4878652348613008,0.09750867878292832,0.0,59,166,0.5263809112977192
stretch_nhe,file_size_bytes,quality,-0.48779576896110877,7.491651599572818e-15,-0.5971002654686544,-78437.5,59,166,7.678942889562139e-14
stretch_nhe,file_size_per_pixel,quality,0.15471721171365976,0.020242083918298764,0.26301817439248515,0.005971080126892903,59,166,0.03608371481088041
stretch_nhe,hf_energy_frac_norm256,quality,0.4131950132717095,1.0884720092239356e-10,0.5887277925260364,0.02646377352682322,59,166,7.437892063030226e-10
stretch_nhe,blockiness_norm256,quality,-0.011850511931369538,0.8596860617835407,-0.053297937512762905,0.0026725845685604543,59,166,0.8811782133281293
augment_manh,width,geometry,-0.5311484080464736,8.85477946173186e-18,-0.6003965392934392,-346.0,73,152,1.2101531931033542e-16
augment_manh,height,geometry,-0.5888793134923339,2.152423956198017e-22,-0.6481614996395098,-432.5,73,152,8.82493822041187e-21
augment_manh,log_area,geometry,-0.5732804326171684,4.675796340709675e-21,-0.6377072819033887,-0.5578447152836983,73,152,9.585382498454834e-20
augment_manh,aspect,geometry,0.5115715926946864,2.0927288949119378e-16,0.5493871665465033,0.23774507260364164,73,152,2.145047117284736e-15
augment_manh,fg_box_width_frac,geometry,0.2747755139518613,2.9227255281437475e-05,0.2552271088680605,0.05448390348358023,73,152,9.217826665684127e-05
augment_manh,fg_box_height_frac,geometry,0.09155424933476755,0.17114292589828423,0.006578947368421052,0.0,73,152,0.21927687380717667
augment_manh,fg_occupancy,geometry,0.2145402520755647,0.0012038539488774306,0.1829488103821197,0.02928322369600367,73,152,0.0027421117724430364
augment_manh,fg_box_occupancy,geometry,0.2777056027319861,2.380935326119547e-05,0.25739005046863733,0.05448390348358023,73,152,8.134862364241785e-05
augment_manh,margin_top_frac,geometry,-0.09155424933476755,0.17114292589828423,-0.006578947368421052,0.0,73,152,0.21927687380717667
augment_manh,margin_bottom_frac,geometry,-0.09155424933476755,0.17114292589828423,-0.006578947368421052,0.0,73,152,0.21927687380717667
augment_manh,margin_left_frac,geometry,-0.28360636255177374,1.5643985902184723e-05,-0.3062364816149964,-0.013751576646623801,73,152,5.830940199905215e-05
augment_manh,margin_right_frac,geometry,-0.26013147794174246,7.866585701423775e-05,-0.23738284066330212,-0.0337373447517404,73,152,0.00023037858125598198
augment_manh,background_frac,geometry,-0.2145402520755647,0.0012038539488774306,-0.1829488103821197,-0.029283223696003557,73,152,0.0027421117724430364
augment_manh,centre_border_contrast,geometry,0.12671466851805127,0.057723720541229116,0.19376351838500355,2.847038049623386,73,152,0.09466690168761575
augment_manh,corner_uniformity,geometry,0.20020922893448637,0.0025527505243000057,0.19610670511896178,5.576252546503483,73,152,0.005233138574815012
augment_manh,corner_mean,geometry,0.11303893438629076,0.0907287821816547,0.08147080028839221,4.33515845132246,73,152,0.13285285962313725
augment_manh,intensity_mean,photometry,0.11079177770321201,0.097372453367182,0.023612112472963187,-1.087868850463778,73,152,0.13766450303636077
augment_manh,intensity_std,photometry,-0.12330864059662903,0.06483703602767342,-0.14005046863734677,-1.269030852910909,73,152,0.10224301835133115
augment_manh,intensity_p1,photometry,-0.08983034609824045,0.17938008782909917,-0.10643475126171592,0.0,73,152,0.2228661697270626
augment_manh,intensity_p5,photometry,-0.04004029362179173,0.5501743880066577,-0.05209084354722421,0.0,73,152,0.5940934188421612
augment_manh,intensity_p25,photometry,0.13439637794208642,0.04402393928542322,0.058940158615717386,1.0,73,152,0.07847745698705878
augment_manh,intensity_p50,photometry,0.13468778176886567,0.043563197757726636,0.03839221341023791,-1.5,73,152,0.07847745698705878
augment_manh,intensity_p75,photometry,0.052042477160637896,0.43726748367180573,-0.0480353280461428,-3.0,73,152,0.5122276237298297
augment_manh,intensity_p95,photometry,-0.05008777911744282,0.4547006192317235,-0.1299567411679885,-1.0,73,152,0.5178534830139073
augment_manh,intensity_p99,photometry,-0.007662561433176232,0.9090000508490995,-0.07732516222062003,0.0,73,152,0.9090000508490995
augment_manh,dynamic_range,photometry,0.03766210195579735,0.5741266445667446,-0.009372746935832732,2.0,73,152,0.6035690365958084
augment_manh,iqr,photometry,-0.18041126998481263,0.00665972846086665,-0.15744412400865182,-4.0,73,152,0.013002326995025364
augment_manh,histogram_entropy,photometry,-0.1282601813422784,0.05471543160765904,-0.18583273251622207,-0.04062316100412655,73,152,0.09347219566308419
augment_manh,skewness,photometry,-0.2008961235230318,0.0024651684193885397,-0.12310742609949532,-0.05625499490453678,73,152,0.005233138574815012
augment_manh,kurtosis,photometry,0.22951181495565476,0.0005205797221953104,0.1755587599134823,0.14611557965717892,73,152,0.0013339855381254827
augment_manh,near_black_frac,photometry,0.06962445724002171,0.2984271027841609,0.11247296322999278,0.01028040257400785,73,152,0.35986797688678224
augment_manh,near_white_frac,photometry,0.421359178296449,4.2580569829142545e-11,0.4612472963229992,0.00044196719963034994,73,152,2.4940048042783493e-10
augment_manh,laplacian_variance,quality,0.3635310595928464,1.955246889913002e-08,0.40573179524152847,23.886437817037752,73,152,8.907235831825898e-08
augment_manh,tenengrad,quality,0.40747545695083065,2.0696616599026556e-10,0.4565609228550829,330.44979261536776,73,152,1.060701600700111e-09
augment_manh,edge_density,quality,-0.03999528023350202,0.5506231686829787,-0.03388608507570301,0.0003747938586024513,73,152,0.5940934188421612
augment_manh,noise_estimate,quality,0.31263027424687856,1.7202268720785207e-06,0.3188536409516943,0.06998859094626031,73,152,7.0529301755219355e-06
augment_manh,unique_gray_levels,quality,0.11902060986624714,0.0747975462700012,0.06569935111751984,0.0,73,152,0.11358145915074257
augment_manh,file_size_bytes,quality,-0.47765459210629585,3.1736408921392676e-14,-0.5412761355443403,-82632.0,73,152,2.6023855315541997e-13
augment_manh,file_size_per_pixel,quality,0.25842565235232423,8.795664583000022e-05,0.2388248017303533,0.005971080126892903,73,152,0.00024041483193533393
augment_manh,hf_energy_frac_norm256,quality,0.4661543753446984,1.541559939184762e-13,0.536589762076424,0.024340342966264528,73,152,1.053399291776254e-12
augment_manh,blockiness_norm256,quality,-0.02233302904183999,0.7390051041044758,-0.06506849315068491,-0.002659582621805434,73,152,0.7574802317070877
stretch_manh,width,geometry,-0.4437508675664315,2.8414096388824885e-12,-0.5798132503334815,-372.0,52,173,2.912444879854551e-11
stretch_manh,height,geometry,-0.48662485545163714,8.872203878560267e-15,-0.6083815028901735,-380.0,52,173,3.6376035902097095e-13
stretch_manh,log_area,geometry,-0.47586782336063177,4.072826892518631e-14,-0.6033792796798576,-0.5324726915134832,52,173,8.349295129663193e-13
stretch_manh,aspect,geometry,0.412030874436828,1.2417931258012135e-10,0.4735437972432192,0.22353500727240627,52,173,1.0182703631569952e-09
stretch_manh,fg_box_width_frac,geometry,0.3171198355068523,1.1964207322495513e-06,0.41507336594041794,0.06273374342297011,52,173,3.7733269247870463e-06
stretch_manh,fg_box_height_frac,geometry,0.05143497153638626,0.44264423650859747,0.005780346820809248,0.0,52,173,0.5671379280266405
stretch_manh,fg_occupancy,geometry,0.33077714432002964,3.820729664738555e-07,0.30702534459759895,0.06561208092895077,52,173,1.4240901477661885e-06
stretch_manh,fg_box_occupancy,geometry,0.3181278451556343,1.1018479157916669e-06,0.416629613161405,0.06273374342297011,52,173,3.7646470456215284e-06
stretch_manh,margin_top_frac,geometry,-0.05143497153638626,0.44264423650859747,-0.005780346820809248,0.0,52,173,0.5671379280266405
stretch_manh,margin_bottom_frac,geometry,-0.05143497153638626,0.44264423650859747,-0.005780346820809248,0.0,52,173,0.5671379280266405
stretch_manh,margin_left_frac,geometry,-0.29611645577441,6.220238951948227e-06,-0.4613161405068919,-0.0148741418764302,52,173,1.7001986468658487e-05
stretch_manh,margin_right_frac,geometry,-0.3053291232656753,3.06612786917934e-06,-0.3574922187638951,-0.034313725490196,52,173,8.979374474025209e-06
stretch_manh,background_frac,geometry,-0.33077714432002964,3.820729664738555e-07,-0.30702534459759895,-0.06561208092895082,52,173,1.4240901477661885e-06
stretch_manh,centre_border_contrast,geometry,0.18110049573351017,0.006450872995858255,0.27189862160960426,7.892878385481879,52,173,0.012594561563342307
stretch_manh,corner_uniformity,geometry,0.1025848622971251,0.12496749473143182,0.17363272565584703,4.751897556123993,52,173,0.18976545496254463
stretch_manh,corner_mean,geometry,0.029390554883351707,0.6610256270969722,0.09848821698532678,2.7641611039897995,52,173,0.7132118608151542
stretch_manh,intensity_mean,photometry,0.13684320314117315,0.04027932115801592,0.14072921298354824,5.3350199460472965,52,173,0.06351739105687125
stretch_manh,intensity_std,photometry,-0.04496367728807274,0.5021962847322358,-0.07514450867052025,-0.9662247499609791,52,173,0.6239408386067171
stretch_manh,intensity_p1,photometry,-0.03739416373256782,0.5768556592277723,-0.042240995998221426,0.0,52,173,0.6757452008096761
stretch_manh,intensity_p5,photometry,-0.04275629503509749,0.523431935321299,0.017118719430858187,0.0,52,173,0.6311973337698017
stretch_manh,intensity_p25,photometry,0.17272542029999255,0.009431843997369726,0.20286794130724767,7.0,52,173,0.01681328712574603
stretch_manh,intensity_p50,photometry,0.18403928343141013,0.005624519525016989,0.16451756336149398,3.5,52,173,0.011530265026284826
stretch_manh,intensity_p75,photometry,0.1008548914960656,0.1314917162218273,0.07814584259670965,1.5,52,173,0.19254144161053283
stretch_manh,intensity_p95,photometry,-0.011284544304756693,0.8663230976419126,-0.02078701645175629,1.5,52,173,0.9107499231620108
stretch_manh,intensity_p99,photometry,-0.009378469275433579,0.8887417106303236,-0.030124499777679004,0.5,52,173,0.9109602533960818
stretch_manh,dynamic_range,photometry,0.03075408068023774,0.6463416294273637,0.010226767452201024,0.0,52,173,0.7132118608151542
stretch_manh,iqr,photometry,-0.1767589383730394,0.007870514337034814,-0.20086705202312138,-5.0,52,173,0.014667776719019426
stretch_manh,histogram_entropy,photometry,-0.18423260863496027,0.005573640961231792,-0.17607825700311253,-0.055721700768760485,52,173,0.011530265026284826
stretch_manh,skewness,photometry,-0.28490059255193456,1.4249048430637261e-05,-0.2636727434415296,-0.155173062322305,52,173,3.651318660350798e-05
stretch_manh,kurtosis,photometry,0.22703709810213762,0.0006002337903170276,0.2705646954201868,0.2891312895848883,52,173,0.0013671991890554518
stretch_manh,near_black_frac,photometry,0.07910718452759405,0.23726456995941558,0.07425522454424188,0.007019095213031359,52,173,0.33544301270124277
stretch_manh,near_white_frac,photometry,0.3590076259077412,3.008420695558598e-08,0.5073365940417964,0.00048472243294160004,52,173,1.762074978827179e-07
stretch_manh,laplacian_variance,quality,0.34392295824007496,1.2069318260786047e-07,0.575811471765229,46.39774857879694,52,173,5.498244985469199e-07
stretch_manh,tenengrad,quality,0.35575081950633136,4.0858544365060985e-08,0.578479324144064,376.5769783452646,52,173,2.0940003987093756e-07
stretch_manh,edge_density,quality,-0.15649344526624803,0.018833143254630133,-0.07180969319697644,-0.0010160042359176474,52,173,0.03217328639332648
stretch_manh,noise_estimate,quality,0.22935168002090184,0.0005254221105102458,0.44353045798132507,0.13298598886068924,52,173,0.0012671945018188282
stretch_manh,unique_gray_levels,quality,0.0330295334326184,0.6221412073364874,0.05958203646064916,0.0,52,173,0.708549708355444
stretch_manh,file_size_bytes,quality,-0.4553378926137234,6.464295536639887e-13,-0.5273454868830592,-72627.0,52,173,8.834537233407845e-12
stretch_manh,file_size_per_pixel,quality,0.1377745142090783,0.038926338448476996,0.2741218319253001,0.004873845613328362,52,173,0.06351739105687125
stretch_manh,hf_energy_frac_norm256,quality,0.37199292667136885,8.575446681866657e-09,0.48599377501111607,0.021173663416609645,52,173,5.859888565942215e-08
stretch_manh,blockiness_norm256,quality,0.0018104729300847714,0.9784550633208654,-0.0393508225878168,-0.0014357475744595227,52,173,0.9784550633208655
