path,artifact_type,sha256,size_bytes
configs/final_model_config.json,configs,436206b839b5c2505e3d389adf6a9f94c541e44e91cac6237d928218e7c2ebfc,594
predictions/predictions_benchmark_final_ensemble_groups.csv,predictions,910ad846d692203e1a67fbd85fab5941413e2a205effc36e56ba1b2fbf0ad241,18100
predictions/predictions_oof_final_ensemble_groups.csv,predictions,6f759f9e6cc141959b13cfb1ef85aaa64c8ea0ccdee586739e425de47b214a08,161651
provenance/commit_manifest.json,provenance,0bf29ed2580cbb98c6a432e6e4b22df10ce1f10dfef58c14b6399c0236cf4616,254
reports/final_experiment_report.md,reports,c1e8df65176b6567f319420c2478248444ea1b9a6e41e7c31fd60c3ec161dfa6,5211
reports/final_limitations.md,reports,1baf72af932ab10e595e1e6c669a935660e2956ac6bc9f4ee467ee3444edbc41,4512
reports/model_card.md,reports,dd8e18734f973f0ff68414b935a28a921c8a14b018fc21f8956cd5584c6455ea,3380
results/final_model_ladder.csv,results,a200c3a0ccc032dd0c3b88471f73b702463c186cafad556a938fdb2b30ba4e45,2103
results/final_paired_tests.csv,results,fc02e1e50d2f54e728fbb0f72027f535e34217fcdde93b21347ab3aaed6902dc,1085
