review_id,n_images,folder
R0001,1,images/R0001
R0002,1,images/R0002
R0003,1,images/R0003
R0004,1,images/R0004
R0005,1,images/R0005
R0006,1,images/R0006
R0007,1,images/R0007
R0008,1,images/R0008
R0009,1,images/R0009
R0010,1,images/R0010
R0011,5,images/R0011
R0012,1,images/R0012
R0013,1,images/R0013
R0014,1,images/R0014
R0015,1,images/R0015
R0016,1,images/R0016
R0017,1,images/R0017
R0018,1,images/R0018
R0019,1,images/R0019
R0020,1,images/R0020
R0021,1,images/R0021
R0022,1,images/R0022
R0023,1,images/R0023
R0024,1,images/R0024
R0025,1,images/R0025
R0026,1,images/R0026
R0027,1,images/R0027
R0028,1,images/R0028
R0029,1,images/R0029
R0030,1,images/R0030
R0031,1,images/R0031
R0032,1,images/R0032
R0033,1,images/R0033
R0034,1,images/R0034
R0035,1,images/R0035
R0036,1,images/R0036
R0037,1,images/R0037
R0038,1,images/R0038
R0039,1,images/R0039
R0040,1,images/R0040
R0041,1,images/R0041
R0042,1,images/R0042
R0043,1,images/R0043
R0044,1,images/R0044
R0045,1,images/R0045
R0046,1,images/R0046
R0047,2,images/R0047
R0048,5,images/R0048
R0049,1,images/R0049
R0050,1,images/R0050
R0051,1,images/R0051
R0052,1,images/R0052
R0053,1,images/R0053
R0054,1,images/R0054
R0055,1,images/R0055
R0056,1,images/R0056
R0057,1,images/R0057
R0058,1,images/R0058
R0059,1,images/R0059
R0060,1,images/R0060
R0061,1,images/R0061
R0062,1,images/R0062
R0063,1,images/R0063
R0064,1,images/R0064
R0065,3,images/R0065
R0066,1,images/R0066
R0067,1,images/R0067
R0068,1,images/R0068
R0069,1,images/R0069
R0070,1,images/R0070
R0071,1,images/R0071
R0072,1,images/R0072
R0073,1,images/R0073
R0074,1,images/R0074
R0075,1,images/R0075
R0076,1,images/R0076
R0077,1,images/R0077
R0078,1,images/R0078
R0079,1,images/R0079
R0080,1,images/R0080
R0081,1,images/R0081
R0082,1,images/R0082
R0083,1,images/R0083
R0084,1,images/R0084
R0085,1,images/R0085
R0086,1,images/R0086
R0087,1,images/R0087
R0088,1,images/R0088
R0089,1,images/R0089
R0090,1,images/R0090
R0091,1,images/R0091
R0092,1,images/R0092
R0093,1,images/R0093
R0094,1,images/R0094
R0095,1,images/R0095
R0096,1,images/R0096
R0097,1,images/R0097
R0098,1,images/R0098
R0099,1,images/R0099
R0100,1,images/R0100
R0101,8,images/R0101
R0102,2,images/R0102
R0103,1,images/R0103
R0104,1,images/R0104
R0105,1,images/R0105
R0106,2,images/R0106
R0107,5,images/R0107
R0108,1,images/R0108
R0109,1,images/R0109
R0110,3,images/R0110
R0111,1,images/R0111
R0112,1,images/R0112
R0113,1,images/R0113
R0114,1,images/R0114
R0115,1,images/R0115
R0116,1,images/R0116
R0117,1,images/R0117
R0118,1,images/R0118
R0119,1,images/R0119
R0120,1,images/R0120
R0121,1,images/R0121
R0122,1,images/R0122
R0123,1,images/R0123
R0124,1,images/R0124
R0125,1,images/R0125
